Year,Month,Sector,Hydroelectric Power,Geothermal Energy,Solar Energy,Wind Energy,Wood Energy,Waste Energy,"Fuel Ethanol, Excluding Denaturant",Biomass Losses and Co-products,Biomass Energy,Total Renewable Energy,Renewable Diesel Fuel,Other Biofuels,Conventional Hydroelectric Power,Biodiesel
2010,1,Commerical,0.021,1.571,0.209,0.004,6.083,2.969,0.256,0.0,9.308,11.114,0.0,0.0,0.0,0.0
2010,1,Electric Power,0.0,4.476,0.034,23.383,17.362,21.236,0.0,0.0,38.597,142.261,0.0,0.0,75.772,0.0
2010,1,Industrial,0.578,0.357,0.046,0.0,117.826,14.753,1.283,58.769,192.63,193.611,0.0,0.0,0.0,0.0
2010,1,Residential,0.0,3.125,3.197,0.0,45.908,0.0,0.0,0.0,0.0,52.23,0.0,0.0,0.0,0.0
2010,1,Transportation,0.0,0.0,0.0,0.0,0.0,0.0,80.683,0.0,80.85,0.0,0.0,0.0,0.0,0.168
2010,2,Commerical,0.021,1.419,0.225,0.003,5.493,2.567,0.24,0.0,8.3,9.969,0.0,0.0,0.0,0.0
2010,2,Electric Power,0.0,3.955,0.112,18.531,16.329,19.742,0.0,0.0,36.072,128.346,0.0,0.0,69.677,0.0
2010,2,Industrial,0.554,0.322,0.05,0.0,108.51,13.023,1.204,54.611,177.349,178.275,0.0,0.0,0.0,0.0
2010,2,Residential,0.0,2.823,3.446,0.0,41.465,0.0,0.0,0.0,0.0,47.734,0.0,0.0,0.0,0.0
2010,2,Transportation,0.0,0.0,0.0,0.0,0.0,0.0,75.742,0.0,78.93,0.0,0.0,0.0,0.0,3.188
2010,3,Commerical,0.025,1.571,0.31,0.005,6.077,3.038,0.264,0.0,9.379,11.29,0.0,0.0,0.0,0.0
2010,3,Electric Power,0.0,4.458,0.259,29.301,16.444,22.427,0.0,0.0,38.871,143.485,0.0,0.0,70.597,0.0
2010,3,Industrial,0.641,0.357,0.069,0.0,118.792,14.46,1.323,60.806,195.381,196.447,0.0,0.0,0.0,0.0
2010,3,Residential,0.0,3.125,4.748,0.0,45.908,0.0,0.0,0.0,0.0,53.781,0.0,0.0,0.0,0.0
2010,3,Transportation,0.0,0.0,0.0,0.0,0.0,0.0,83.211,0.0,85.353,0.0,0.0,0.0,0.0,2.142
2010,4,Commerical,0.037,1.521,0.342,0.005,5.884,3.221,0.266,0.0,9.371,11.276,0.0,0.0,0.0,0.0
2010,4,Electric Power,0.0,4.232,0.382,33.311,14.876,21.442,0.0,0.0,36.319,138.725,0.0,0.0,64.482,0.0
2010,4,Industrial,0.639,0.345,0.076,0.0,113.941,14.52,1.333,58.262,188.055,189.116,0.0,0.0,0.0,0.0
2010,4,Residential,0.0,3.025,5.233,0.0,44.427,0.0,0.0,0.0,0.0,52.684,0.0,0.0,0.0,0.0
2010,4,Transportation,0.0,0.0,0.0,0.0,0.0,0.0,83.799,0.0,87.411,0.0,0.0,0.0,0.0,3.612
2010,5,Commerical,0.04,1.571,0.378,0.005,6.079,3.599,0.282,0.0,9.959,11.953,0.0,0.0,0.0,0.0
2010,5,Electric Power,0.0,4.472,0.522,29.671,14.27,21.71,0.0,0.0,35.98,155.614,0.0,0.0,84.97,0.0
2010,5,Industrial,0.561,0.357,0.084,0.0,115.531,13.613,1.41,60.243,190.798,191.8,0.0,0.0,0.0,0.0
2010,5,Residential,0.0,3.125,5.777,0.0,45.908,0.0,0.0,0.0,0.0,54.81,0.0,0.0,0.0,0.0
2010,5,Transportation,0.0,0.0,0.0,0.0,0.0,0.0,88.683,0.0,91.769,0.0,0.0,0.0,0.0,3.086
2010,6,Commerical,0.036,1.521,0.383,0.003,5.887,3.175,0.287,0.0,9.35,11.294,0.0,0.0,0.0,0.0
2010,6,Electric Power,0.0,4.312,0.597,27.46,16.205,22.52,0.0,0.0,38.724,172.466,0.0,0.0,101.373,0.0
2010,6,Industrial,0.452,0.345,0.085,0.0,115.927,13.039,1.438,58.83,189.234,190.117,0.0,0.0,0.0,0.0
2010,6,Residential,0.0,3.025,5.829,0.0,44.427,0.0,0.0,0.0,0.0,53.28,0.0,0.0,0.0,0.0
2010,6,Transportation,0.0,0.0,0.0,0.0,0.0,0.0,90.415,0.0,92.745,0.0,0.0,0.0,0.0,2.33
2010,7,Commerical,0.014,1.571,0.402,0.003,6.088,3.099,0.289,0.0,9.476,11.468,0.0,0.0,0.0,0.0
2010,7,Electric Power,0.0,4.346,0.548,22.939,17.274,22.749,0.0,0.0,40.023,151.125,0.0,0.0,83.27,0.0
2010,7,Industrial,0.366,0.357,0.089,0.0,119.887,13.747,1.448,61.011,196.093,196.905,0.0,0.0,0.0,0.0
2010,7,Residential,0.0,3.125,6.119,0.0,45.908,0.0,0.0,0.0,0.0,55.152,0.0,0.0,0.0,0.0
2010,7,Transportation,0.0,0.0,0.0,0.0,0.0,0.0,91.04,0.0,94.376,0.0,0.0,0.0,0.0,3.336
2010,8,Commerical,0.003,1.571,0.398,0.004,6.086,3.228,0.289,0.0,9.603,11.579,0.0,0.0,0.0,0.0
2010,8,Electric Power,0.0,4.425,0.531,22.808,17.996,22.693,0.0,0.0,40.689,136.76,0.0,0.0,68.306,0.0
2010,8,Industrial,0.338,0.357,0.088,0.0,120.531,13.688,1.445,61.912,197.576,198.359,0.0,0.0,0.0,0.0
2010,8,Residential,0.0,3.125,6.055,0.0,45.908,0.0,0.0,0.0,0.0,55.088,0.0,0.0,0.0,0.0
2010,8,Transportation,0.0,0.0,0.0,0.0,0.0,0.0,90.867,0.0,93.725,0.0,0.0,0.0,0.0,2.858
2010,9,Commerical,0.005,1.521,0.363,0.004,5.886,2.947,0.273,0.0,9.105,10.998,0.0,0.0,0.0,0.0
2010,9,Electric Power,0.0,4.274,0.467,24.24,16.067,21.723,0.0,0.0,37.79,125.415,0.0,0.0,58.644,0.0
2010,9,Industrial,0.26,0.345,0.081,0.0,118.543,12.79,1.366,60.189,192.887,193.573,0.0,0.0,0.0,0.0
2010,9,Residential,0.0,3.025,5.523,0.0,44.427,0.0,0.0,0.0,0.0,52.974,0.0,0.0,0.0,0.0
2010,9,Transportation,0.0,0.0,0.0,0.0,0.0,0.0,85.872,0.0,89.877,0.0,0.0,0.0,0.0,4.005
2010,10,Commerical,0.014,1.571,0.33,0.005,6.075,2.693,0.289,0.0,9.058,10.978,0.0,0.0,0.0,0.0
2010,10,Electric Power,0.0,4.169,0.256,27.099,14.985,21.613,0.0,0.0,36.598,128.042,0.0,0.0,59.92,0.0
2010,10,Industrial,0.401,0.357,0.073,0.0,118.699,14.905,1.45,63.042,198.095,198.926,0.0,0.0,0.0,0.0
2010,10,Residential,0.0,3.125,5.033,0.0,45.908,0.0,0.0,0.0,0.0,54.067,0.0,0.0,0.0,0.0
2010,10,Transportation,0.0,0.0,0.0,0.0,0.0,0.0,91.162,0.0,94.324,0.0,0.0,0.0,0.0,3.162
2010,11,Commerical,0.021,1.521,0.271,0.006,5.891,2.649,0.28,0.0,8.82,10.639,0.0,0.0,0.0,0.0
2010,11,Electric Power,0.0,4.273,0.26,33.253,16.297,22.713,0.0,0.0,39.011,143.077,0.0,0.0,66.28,0.0
2010,11,Industrial,0.443,0.345,0.06,0.0,117.205,14.839,1.403,63.625,197.072,197.92,0.0,0.0,0.0,0.0
2010,11,Residential,0.0,3.025,4.129,0.0,44.427,0.0,0.0,0.0,0.0,51.58,0.0,0.0,0.0,0.0
2010,11,Transportation,0.0,0.0,0.0,0.0,0.0,0.0,88.224,0.0,90.765,0.0,0.0,0.0,0.0,2.541
2010,12,Commerical,0.037,1.571,0.261,0.006,6.089,2.773,0.291,0.0,9.153,11.028,0.0,0.0,0.0,0.0
2010,12,Electric Power,0.0,4.537,0.146,30.905,17.49,23.208,0.0,0.0,40.698,154.845,0.0,0.0,78.558,0.0
2010,12,Industrial,0.458,0.357,0.057,0.0,123.608,14.801,1.458,65.275,205.142,206.014,0.0,0.0,0.0,0.0
2010,12,Residential,0.0,3.125,3.919,0.0,45.908,0.0,0.0,0.0,0.0,52.952,0.0,0.0,0.0,0.0
2010,12,Transportation,0.0,0.0,0.0,0.0,0.0,0.0,91.661,0.0,94.419,0.0,0.0,0.0,0.0,2.757
2011,1,Commerical,0.007,1.673,0.349,0.01,5.881,3.346,0.229,0.0,9.456,11.496,0.0,0.0,0.0,0.0
2011,1,Electric Power,0.0,4.596,0.127,29.163,16.907,20.53,0.0,0.0,37.437,157.941,0.0,0.0,86.618,0.0
2011,1,Industrial,0.487,0.357,0.076,0.001,126.322,14.66,1.32,64.758,207.06,207.98,0.0,0.0,0.0,0.0
2011,1,Residential,0.0,3.363,3.371,0.0,44.526,0.0,0.0,0.0,0.0,51.261,0.0,0.0,0.0,0.0
2011,1,Transportation,0.0,0.0,0.0,0.0,0.0,0.0,82.427,0.0,86.375,0.0,0.579,0.0,0.0,3.369
2011,2,Commerical,0.006,1.511,0.382,0.013,5.327,3.103,0.223,0.0,8.653,10.566,0.0,0.0,0.0,0.0
2011,2,Electric Power,0.0,4.146,0.276,35.647,15.547,19.283,0.0,0.0,34.83,156.683,0.0,0.0,81.784,0.0
2011,2,Industrial,0.545,0.322,0.082,0.001,112.012,13.395,1.29,57.526,184.222,185.173,0.0,0.0,0.0,0.0
2011,2,Residential,0.0,3.038,3.634,0.0,40.217,0.0,0.0,0.0,0.0,46.89,0.0,0.0,0.0,0.0
2011,2,Transportation,0.0,0.0,0.0,0.0,0.0,0.0,80.535,0.0,84.45,0.0,0.126,0.0,0.0,3.79
2011,3,Commerical,0.009,1.673,0.525,0.014,5.859,3.417,0.242,0.0,9.517,11.739,0.0,0.0,0.0,0.0
2011,3,Electric Power,0.0,4.563,0.397,35.963,15.293,20.91,0.0,0.0,36.202,182.709,0.0,0.0,105.583,0.0
2011,3,Industrial,0.639,0.357,0.114,0.001,120.766,14.185,1.396,64.207,200.554,201.664,0.0,0.0,0.0,0.0
2011,3,Residential,0.0,3.363,5.007,0.0,44.526,0.0,0.0,0.0,0.0,52.897,0.0,0.0,0.0,0.0
2011,3,Transportation,0.0,0.0,0.0,0.0,0.0,0.0,87.192,0.0,93.53,0.0,0.412,0.0,0.0,5.926
2011,4,Commerical,0.009,1.619,0.586,0.017,5.706,3.309,0.229,0.0,9.243,11.474,0.0,0.0,0.0,0.0
2011,4,Electric Power,0.0,4.228,0.53,42.365,11.949,19.687,0.0,0.0,31.636,184.557,0.0,0.0,105.798,0.0
2011,4,Industrial,0.628,0.345,0.126,0.001,115.095,12.687,1.321,60.515,189.617,190.717,0.0,0.0,0.0,0.0
2011,4,Residential,0.0,3.255,5.519,0.0,43.09,0.0,0.0,0.0,0.0,51.864,0.0,0.0,0.0,0.0
2011,4,Transportation,0.0,0.0,0.0,0.0,0.0,0.0,82.46,0.0,90.698,0.0,0.257,0.0,0.0,7.982
2011,5,Commerical,0.009,1.673,0.648,0.016,5.861,3.631,0.25,0.0,9.742,12.088,0.0,0.0,0.0,0.0
2011,5,Electric Power,0.0,4.495,0.616,40.15,13.181,20.526,0.0,0.0,33.708,189.471,0.0,0.0,110.501,0.0
2011,5,Industrial,0.676,0.357,0.139,0.001,114.346,13.041,1.441,63.17,191.999,193.172,0.0,0.0,0.0,0.0
2011,5,Residential,0.0,3.363,6.093,0.0,44.526,0.0,0.0,0.0,0.0,53.982,0.0,0.0,0.0,0.0
2011,5,Transportation,0.0,0.0,0.0,0.0,0.0,0.0,90.001,0.0,99.135,0.0,0.984,0.0,0.0,8.15
2011,6,Commerical,0.008,1.619,0.661,0.014,5.697,3.697,0.256,0.0,9.65,11.952,0.0,0.0,0.0,0.0
2011,6,Electric Power,0.0,4.144,0.718,37.466,15.634,21.544,0.0,0.0,37.178,188.686,0.0,0.0,109.18,0.0
2011,6,Industrial,0.512,0.345,0.141,0.001,119.729,12.814,1.477,62.05,196.07,197.07,0.0,0.0,0.0,0.0
2011,6,Residential,0.0,3.255,6.147,0.0,43.09,0.0,0.0,0.0,0.0,52.492,0.0,0.0,0.0,0.0
2011,6,Transportation,0.0,0.0,0.0,0.0,0.0,0.0,92.213,0.0,103.098,0.0,0.597,0.0,0.0,10.288
2011,7,Commerical,0.007,1.673,0.686,0.009,5.901,3.73,0.238,0.0,9.869,12.244,0.0,0.0,0.0,0.0
2011,7,Electric Power,0.0,4.33,0.616,25.541,16.96,22.358,0.0,0.0,39.318,176.168,0.0,0.0,106.363,0.0
2011,7,Industrial,0.373,0.357,0.147,0.001,121.91,13.252,1.376,62.769,199.307,200.186,0.0,0.0,0.0,0.0
2011,7,Residential,0.0,3.363,6.453,0.0,44.526,0.0,0.0,0.0,0.0,54.343,0.0,0.0,0.0,0.0
2011,7,Transportation,0.0,0.0,0.0,0.0,0.0,0.0,85.905,0.0,96.808,0.0,0.846,0.0,0.0,10.056
2011,8,Commerical,0.006,1.673,0.682,0.009,5.874,3.849,0.264,0.0,9.987,12.357,0.0,0.0,0.0,0.0
2011,8,Electric Power,0.0,4.349,0.743,25.49,17.169,22.252,0.0,0.0,39.42,157.574,0.0,0.0,87.572,0.0
2011,8,Industrial,0.327,0.357,0.146,0.001,121.916,13.347,1.524,63.739,200.526,201.357,0.0,0.0,0.0,0.0
2011,8,Residential,0.0,3.363,6.386,0.0,44.526,0.0,0.0,0.0,0.0,54.276,0.0,0.0,0.0,0.0
2011,8,Transportation,0.0,0.0,0.0,0.0,0.0,0.0,95.183,0.0,107.972,0.0,1.105,0.0,0.0,11.684
2011,9,Commerical,0.006,1.619,0.616,0.011,5.665,3.574,0.231,0.0,9.47,11.722,0.0,0.0,0.0,0.0
2011,9,Electric Power,0.0,4.182,0.605,23.425,15.493,21.062,0.0,0.0,36.554,137.285,0.0,0.0,72.519,0.0
2011,9,Industrial,0.415,0.345,0.133,0.002,119.355,13.094,1.336,60.635,194.421,195.316,0.0,0.0,0.0,0.0
2011,9,Residential,0.0,3.255,5.825,0.0,43.09,0.0,0.0,0.0,0.0,52.17,0.0,0.0,0.0,0.0
2011,9,Transportation,0.0,0.0,0.0,0.0,0.0,0.0,83.431,0.0,96.896,0.0,0.772,0.0,0.0,12.694
2011,10,Commerical,0.006,1.673,0.561,0.019,5.821,3.527,0.246,0.0,9.594,11.854,0.0,0.0,0.0,0.0
2011,10,Electric Power,0.0,4.37,0.516,35.891,14.041,21.53,0.0,0.0,35.571,143.426,0.0,0.0,67.078,0.0
2011,10,Industrial,0.43,0.357,0.121,0.002,118.367,14.785,1.421,63.884,198.456,199.366,0.0,0.0,0.0,0.0
2011,10,Residential,0.0,3.363,5.309,0.0,44.526,0.0,0.0,0.0,0.0,53.199,0.0,0.0,0.0,0.0
2011,10,Transportation,0.0,0.0,0.0,0.0,0.0,0.0,88.697,0.0,100.904,0.0,0.757,0.0,0.0,11.451
2011,11,Commerical,0.006,1.619,0.454,0.022,5.677,3.694,0.238,0.0,9.609,11.71,0.0,0.0,0.0,0.0
2011,11,Electric Power,0.0,4.337,0.352,42.415,13.667,22.022,0.0,0.0,35.69,152.851,0.0,0.0,70.057,0.0
2011,11,Industrial,0.499,0.345,0.099,0.003,120.933,14.635,1.374,64.704,201.645,202.591,0.0,0.0,0.0,0.0
2011,11,Residential,0.0,3.255,4.355,0.0,43.09,0.0,0.0,0.0,0.0,50.7,0.0,0.0,0.0,0.0
2011,11,Transportation,0.0,0.0,0.0,0.0,0.0,0.0,85.777,0.0,99.942,0.0,0.773,0.0,0.0,13.393
2011,12,Commerical,0.007,1.673,0.431,0.02,5.892,3.666,0.253,0.0,9.81,11.941,0.0,0.0,0.0,0.0
2011,12,Electric Power,0.0,4.519,0.398,36.335,16.318,22.864,0.0,0.0,39.182,160.795,0.0,0.0,80.36,0.0
2011,12,Industrial,0.606,0.357,0.094,0.003,126.887,14.787,1.46,67.742,210.876,211.935,0.0,0.0,0.0,0.0
2011,12,Residential,0.0,3.363,4.134,0.0,44.526,0.0,0.0,0.0,0.0,52.023,0.0,0.0,0.0,0.0
2011,12,Transportation,0.0,0.0,0.0,0.0,0.0,0.0,91.178,0.0,106.337,0.0,0.87,0.0,0.0,14.289
2012,1,Commerical,0.01,1.669,0.578,0.02,5.138,3.777,0.2,0.0,9.115,11.392,0.0,0.0,0.0,0.0
2012,1,Electric Power,0.0,4.31,0.311,46.481,16.837,21.706,0.0,0.0,38.543,167.54,0.0,0.0,77.894,0.0
2012,1,Industrial,0.937,0.356,0.127,0.007,125.726,12.914,1.307,65.545,205.492,206.921,0.0,0.0,0.0,0.0
2012,1,Residential,0.0,3.354,3.59,0.0,37.106,0.0,0.0,0.0,0.0,44.051,0.0,0.0,0.0,0.0
2012,1,Transportation,0.0,0.0,0.0,0.0,0.0,0.0,81.818,0.0,87.953,0.0,0.552,0.0,0.0,5.584
2012,2,Commerical,0.008,1.561,0.628,0.016,4.812,3.622,0.199,0.0,8.633,10.846,0.0,0.0,0.0,0.0
2012,2,Electric Power,0.0,4.072,0.44,37.686,16.026,19.89,0.0,0.0,35.917,146.496,0.0,0.0,68.381,0.0
2012,2,Industrial,0.82,0.333,0.138,0.006,118.018,12.816,1.303,60.18,192.317,193.614,0.0,0.0,0.0,0.0
2012,2,Residential,0.0,3.138,3.87,0.0,34.712,0.0,0.0,0.0,0.0,41.72,0.0,0.0,0.0,0.0
2012,2,Transportation,0.0,0.0,0.0,0.0,0.0,0.0,81.572,0.0,89.758,0.0,0.417,0.0,0.0,7.769
2012,3,Commerical,0.008,1.669,0.871,0.017,5.122,3.696,0.215,0.0,9.033,11.597,0.0,0.0,0.0,0.0
2012,3,Electric Power,0.0,4.385,0.755,47.837,15.607,21.808,0.0,0.0,37.415,177.979,0.0,0.0,87.587,0.0
2012,3,Industrial,0.799,0.356,0.189,0.007,119.632,14.374,1.404,62.309,197.718,199.069,0.0,0.0,0.0,0.0
2012,3,Residential,0.0,3.354,5.333,0.0,37.106,0.0,0.0,0.0,0.0,45.793,0.0,0.0,0.0,0.0
2012,3,Transportation,0.0,0.0,0.0,0.0,0.0,0.0,87.857,0.0,99.744,0.0,0.7,0.0,0.0,11.187
2012,4,Commerical,0.008,1.615,0.969,0.018,4.973,3.67,0.211,0.0,8.854,11.464,0.0,0.0,0.0,0.0
2012,4,Electric Power,0.0,4.259,1.04,43.338,12.707,20.509,0.0,0.0,33.216,170.957,0.0,0.0,89.103,0.0
2012,4,Industrial,0.609,0.344,0.209,0.007,114.624,13.054,1.38,59.597,188.655,189.824,0.0,0.0,0.0,0.0
2012,4,Residential,0.0,3.246,5.877,0.0,35.909,0.0,0.0,0.0,0.0,45.033,0.0,0.0,0.0,0.0
2012,4,Transportation,0.0,0.0,0.0,0.0,0.0,0.0,86.368,0.0,98.625,0.0,0.723,0.0,0.0,11.534
2012,5,Commerical,0.01,1.669,1.078,0.015,5.118,3.817,0.225,0.0,9.16,11.932,0.0,0.0,0.0,0.0
2012,5,Electric Power,0.0,4.449,1.519,42.769,14.018,21.806,0.0,0.0,35.824,181.551,0.0,0.0,96.99,0.0
2012,5,Industrial,0.724,0.356,0.231,0.004,121.008,12.575,1.472,62.473,197.528,198.841,0.0,0.0,0.0,0.0
2012,5,Residential,0.0,3.354,6.488,0.0,37.106,0.0,0.0,0.0,0.0,46.949,0.0,0.0,0.0,0.0
2012,5,Transportation,0.0,0.0,0.0,0.0,0.0,0.0,92.118,0.0,105.005,0.0,0.85,0.0,0.0,12.036
2012,6,Commerical,0.008,1.615,1.092,0.014,4.985,3.63,0.219,0.0,8.834,11.562,0.0,0.0,0.0,0.0
2012,6,Electric Power,0.0,4.359,1.733,40.831,16.377,21.54,0.0,0.0,37.918,175.193,0.0,0.0,90.352,0.0
2012,6,Industrial,0.596,0.344,0.233,0.005,119.114,11.836,1.433,59.964,192.347,193.525,0.0,0.0,0.0,0.0
2012,6,Residential,0.0,3.246,6.547,0.0,35.909,0.0,0.0,0.0,0.0,45.702,0.0,0.0,0.0,0.0
2012,6,Transportation,0.0,0.0,0.0,0.0,0.0,0.0,89.703,0.0,102.953,0.0,0.789,0.0,0.0,12.461
2012,7,Commerical,0.007,1.669,1.138,0.01,5.158,3.818,0.214,0.0,9.19,12.014,0.0,0.0,0.0,0.0
2012,7,Electric Power,0.0,4.506,1.677,30.092,17.736,22.668,0.0,0.0,40.403,166.59,0.0,0.0,89.912,0.0
2012,7,Industrial,0.469,0.356,0.246,0.003,123.79,12.82,1.402,57.019,195.031,196.104,0.0,0.0,0.0,0.0
2012,7,Residential,0.0,3.354,6.873,0.0,37.106,0.0,0.0,0.0,0.0,47.333,0.0,0.0,0.0,0.0
2012,7,Transportation,0.0,0.0,0.0,0.0,0.0,0.0,87.737,0.0,99.022,0.0,0.821,0.0,0.0,10.464
2012,8,Commerical,0.007,1.669,1.122,0.01,5.156,3.94,0.231,0.0,9.328,12.136,0.0,0.0,0.0,0.0
2012,8,Electric Power,0.0,4.449,1.518,28.885,17.931,22.54,0.0,0.0,40.471,153.388,0.0,0.0,78.066,0.0
2012,8,Industrial,0.518,0.356,0.243,0.003,125.004,12.796,1.512,58.937,198.249,199.368,0.0,0.0,0.0,0.0
2012,8,Residential,0.0,3.354,6.801,0.0,37.106,0.0,0.0,0.0,0.0,47.262,0.0,0.0,0.0,0.0
2012,8,Transportation,0.0,0.0,0.0,0.0,0.0,0.0,94.623,0.0,106.48,0.0,0.717,0.0,0.0,11.14
2012,9,Commerical,0.006,1.615,1.037,0.012,4.966,3.764,0.202,0.0,8.932,11.603,0.0,0.0,0.0,0.0
2012,9,Electric Power,0.0,4.436,1.498,29.976,16.49,21.24,0.0,0.0,37.73,133.155,0.0,0.0,59.516,0.0
2012,9,Industrial,0.542,0.344,0.222,0.004,121.837,12.26,1.323,55.044,190.465,191.577,0.0,0.0,0.0,0.0
2012,9,Residential,0.0,3.246,6.203,0.0,35.909,0.0,0.0,0.0,0.0,45.359,0.0,0.0,0.0,0.0
2012,9,Transportation,0.0,0.0,0.0,0.0,0.0,0.0,82.841,0.0,92.882,0.0,0.797,0.0,0.0,9.244
2012,10,Commerical,0.008,1.669,0.943,0.018,5.12,3.898,0.223,0.0,9.241,11.878,0.0,0.0,0.0,0.0
2012,10,Electric Power,0.0,4.535,1.416,43.089,15.106,22.485,0.0,0.0,37.592,142.272,0.0,0.0,55.64,0.0
2012,10,Industrial,0.656,0.356,0.202,0.007,122.907,14.383,1.461,56.339,195.09,196.31,0.0,0.0,0.0,0.0
2012,10,Residential,0.0,3.354,5.654,0.0,37.106,0.0,0.0,0.0,0.0,46.114,0.0,0.0,0.0,0.0
2012,10,Transportation,0.0,0.0,0.0,0.0,0.0,0.0,91.45,0.0,100.706,0.0,1.13,0.0,0.0,8.125
2012,11,Commerical,0.007,1.615,0.769,0.016,4.986,3.71,0.203,0.0,8.899,11.306,0.0,0.0,0.0,0.0
2012,11,Electric Power,0.0,4.596,1.144,39.723,15.019,22.542,0.0,0.0,37.561,146.21,0.0,0.0,63.186,0.0
2012,11,Industrial,0.725,0.344,0.165,0.005,122.805,14.418,1.325,55.776,194.324,195.564,0.0,0.0,0.0,0.0
2012,11,Residential,0.0,3.246,4.638,0.0,35.909,0.0,0.0,0.0,0.0,43.793,0.0,0.0,0.0,0.0
2012,11,Transportation,0.0,0.0,0.0,0.0,0.0,0.0,82.946,0.0,92.673,0.0,1.043,0.0,0.0,8.683
2012,12,Commerical,0.007,1.669,0.726,0.018,5.148,3.907,0.209,0.0,9.264,11.683,0.0,0.0,0.0,0.0
2012,12,Electric Power,0.0,4.744,1.156,49.529,16.338,23.718,0.0,0.0,40.055,173.263,0.0,0.0,77.78,0.0
2012,12,Industrial,0.635,0.356,0.156,0.008,127.779,14.658,1.367,57.689,201.494,202.648,0.0,0.0,0.0,0.0
2012,12,Residential,0.0,3.354,4.402,0.0,37.106,0.0,0.0,0.0,0.0,44.863,0.0,0.0,0.0,0.0
2012,12,Transportation,0.0,0.0,0.0,0.0,0.0,0.0,85.555,0.0,93.203,0.0,1.161,0.0,0.0,6.487
2013,1,Commerical,0.013,1.673,0.79,0.021,5.956,3.811,0.207,0.0,9.974,12.472,0.0,0.0,0.0,0.0
2013,1,Electric Power,0.0,4.715,1.023,50.257,17.125,21.959,0.0,0.0,39.084,178.677,0.0,0.0,83.598,0.0
2013,1,Industrial,1.104,0.357,0.171,0.01,128.026,15.661,1.364,55.76,200.81,202.452,0.0,0.0,0.0,0.0
2013,1,Residential,0.0,3.363,3.885,0.0,48.551,0.0,0.0,0.0,0.0,55.799,0.0,0.0,0.0,0.0
2013,1,Transportation,0.0,0.0,0.0,0.0,0.0,0.0,83.26,0.0,92.322,0.0,0.25,0.0,0.0,8.812
2013,2,Commerical,0.014,1.511,0.869,0.017,5.385,3.407,0.192,0.0,8.984,11.396,0.0,0.0,0.0,0.0
2013,2,Electric Power,0.0,4.218,1.422,48.001,15.3,19.411,0.0,0.0,34.711,156.767,0.0,0.0,68.415,0.0
2013,2,Industrial,1.239,0.322,0.184,0.008,114.991,14.174,1.262,50.623,181.051,182.805,0.0,0.0,0.0,0.0
2013,2,Residential,0.0,3.038,4.187,0.0,43.853,0.0,0.0,0.0,0.0,51.078,0.0,0.0,0.0,0.0
2013,2,Transportation,0.0,0.0,0.0,0.0,0.0,0.0,77.069,0.0,87.658,0.0,1.482,0.0,0.0,9.107
2013,3,Commerical,0.015,1.673,1.202,0.018,5.965,3.991,0.221,0.0,10.177,13.085,0.0,0.0,0.0,0.0
2013,3,Electric Power,0.0,4.702,2.035,53.731,16.977,22.519,0.0,0.0,39.496,168.981,0.0,0.0,69.017,0.0
2013,3,Industrial,1.031,0.357,0.254,0.009,124.424,15.649,1.453,57.728,199.254,200.905,0.0,0.0,0.0,0.0
2013,3,Residential,0.0,3.363,5.77,0.0,48.551,0.0,0.0,0.0,0.0,57.684,0.0,0.0,0.0,0.0
2013,3,Transportation,0.0,0.0,0.0,0.0,0.0,0.0,88.678,0.0,102.173,0.0,1.113,0.0,0.0,12.381
2013,4,Commerical,0.014,1.619,1.328,0.018,5.686,3.853,0.221,0.0,9.76,12.74,0.0,0.0,0.0,0.0
2013,4,Electric Power,0.0,4.347,2.183,59.602,13.65,20.909,0.0,0.0,34.558,185.453,0.0,0.0,84.763,0.0
2013,4,Industrial,0.854,0.345,0.281,0.009,119.039,16.009,1.455,57.686,194.188,195.677,0.0,0.0,0.0,0.0
2013,4,Residential,0.0,3.255,6.359,0.0,46.985,0.0,0.0,0.0,0.0,56.599,0.0,0.0,0.0,0.0
2013,4,Transportation,0.0,0.0,0.0,0.0,0.0,0.0,88.8,0.0,102.975,0.0,1.142,0.0,0.0,13.033
2013,5,Commerical,0.016,1.673,1.465,0.017,5.916,4.08,0.232,0.0,10.227,13.398,0.0,0.0,0.0,0.0
2013,5,Electric Power,0.0,4.462,2.469,55.375,15.337,22.111,0.0,0.0,37.448,195.692,0.0,0.0,95.937,0.0
2013,5,Industrial,1.119,0.357,0.309,0.014,123.316,15.28,1.526,61.3,201.422,203.221,0.0,0.0,0.0,0.0
2013,5,Residential,0.0,3.363,7.02,0.0,48.551,0.0,0.0,0.0,0.0,58.935,0.0,0.0,0.0,0.0
2013,5,Transportation,0.0,0.0,0.0,0.0,0.0,0.0,93.169,0.0,107.594,0.0,0.816,0.0,0.0,13.609
2013,6,Commerical,0.016,1.619,1.485,0.014,5.764,4.062,0.231,0.0,10.057,13.191,0.0,0.0,0.0,0.0
2013,6,Electric Power,0.0,4.361,2.864,46.886,16.785,21.771,0.0,0.0,38.556,184.965,0.0,0.0,92.298,0.0
2013,6,Industrial,1.12,0.345,0.313,0.009,123.461,14.603,1.52,60.28,199.863,201.65,0.0,0.0,0.0,0.0
2013,6,Residential,0.0,3.255,7.083,0.0,46.985,0.0,0.0,0.0,0.0,57.323,0.0,0.0,0.0,0.0
2013,6,Transportation,0.0,0.0,0.0,0.0,0.0,0.0,92.774,0.0,111.811,0.0,4.114,0.0,0.0,14.923
2013,7,Commerical,0.017,1.673,1.548,0.011,5.958,4.126,0.228,0.0,10.312,13.562,0.0,0.0,0.0,0.0
2013,7,Electric Power,0.0,4.561,2.728,37.833,18.448,22.437,0.0,0.0,40.885,177.889,0.0,0.0,91.882,0.0
2013,7,Industrial,1.093,0.357,0.327,0.007,131.824,15.399,1.501,60.745,209.47,211.255,0.0,0.0,0.0,0.0
2013,7,Residential,0.0,3.363,7.436,0.0,48.551,0.0,0.0,0.0,0.0,59.351,0.0,0.0,0.0,0.0
2013,7,Transportation,0.0,0.0,0.0,0.0,0.0,0.0,91.646,0.0,110.553,0.0,3.885,0.0,0.0,15.022
2013,8,Commerical,0.012,1.673,1.536,0.009,5.964,4.132,0.227,0.0,10.324,13.555,0.0,0.0,0.0,0.0
2013,8,Electric Power,0.0,4.512,3.117,32.856,19.909,22.51,0.0,0.0,42.418,155.884,0.0,0.0,72.981,0.0
2013,8,Industrial,0.82,0.357,0.324,0.006,127.947,15.556,1.497,59.328,204.328,205.835,0.0,0.0,0.0,0.0
2013,8,Residential,0.0,3.363,7.359,0.0,48.551,0.0,0.0,0.0,0.0,59.273,0.0,0.0,0.0,0.0
2013,8,Transportation,0.0,0.0,0.0,0.0,0.0,0.0,91.403,0.0,111.394,0.0,4.353,0.0,0.0,15.639
2013,9,Commerical,0.01,1.619,1.414,0.013,5.723,3.946,0.223,0.0,9.892,12.949,0.0,0.0,0.0,0.0
2013,9,Electric Power,0.0,4.433,3.128,39.811,18.036,21.248,0.0,0.0,39.284,143.702,0.0,0.0,57.046,0.0
2013,9,Industrial,0.816,0.345,0.296,0.008,119.757,14.719,1.469,57.673,193.617,195.083,0.0,0.0,0.0,0.0
2013,9,Residential,0.0,3.255,6.712,0.0,46.985,0.0,0.0,0.0,0.0,56.952,0.0,0.0,0.0,0.0
2013,9,Transportation,0.0,0.0,0.0,0.0,0.0,0.0,89.69,0.0,113.291,0.0,5.725,0.0,0.0,17.876
2013,10,Commerical,0.006,1.673,1.303,0.016,5.991,3.889,0.233,0.0,10.113,13.111,0.0,0.0,0.0,0.0
2013,10,Electric Power,0.0,4.652,3.257,46.494,17.522,21.597,0.0,0.0,39.12,151.383,0.0,0.0,57.861,0.0
2013,10,Industrial,0.815,0.357,0.27,0.012,123.096,16.49,1.533,63.174,204.291,205.745,0.0,0.0,0.0,0.0
2013,10,Residential,0.0,3.363,6.117,0.0,48.551,0.0,0.0,0.0,0.0,58.032,0.0,0.0,0.0,0.0
2013,10,Transportation,0.0,0.0,0.0,0.0,0.0,0.0,93.561,0.0,120.646,0.0,5.322,0.0,0.0,21.762
2013,11,Commerical,0.007,1.619,1.064,0.027,5.817,3.762,0.222,0.0,9.802,12.518,0.0,0.0,0.0,0.0
2013,11,Electric Power,0.0,4.198,2.725,53.875,18.528,22.031,0.0,0.0,40.559,160.961,0.0,0.0,59.603,0.0
2013,11,Industrial,0.704,0.345,0.221,0.018,123.745,16.474,1.462,62.99,204.671,205.96,0.0,0.0,0.0,0.0
2013,11,Residential,0.0,3.255,5.018,0.0,46.985,0.0,0.0,0.0,0.0,55.258,0.0,0.0,0.0,0.0
2013,11,Transportation,0.0,0.0,0.0,0.0,0.0,0.0,89.25,0.0,112.73,0.0,5.067,0.0,0.0,18.412
2013,12,Commerical,0.01,1.673,1.01,0.024,6.04,4.015,0.23,0.0,10.284,13.002,0.0,0.0,0.0,0.0
2013,12,Electric Power,0.0,4.659,2.817,47.614,19.81,23.681,0.0,0.0,43.491,169.562,0.0,0.0,70.98,0.0
2013,12,Industrial,1.1,0.357,0.21,0.017,129.384,17.161,1.512,66.344,214.401,216.085,0.0,0.0,0.0,0.0
2013,12,Residential,0.0,3.363,4.763,0.0,48.551,0.0,0.0,0.0,0.0,56.678,0.0,0.0,0.0,0.0
2013,12,Transportation,0.0,0.0,0.0,0.0,0.0,0.0,92.3,0.0,119.342,0.0,5.307,0.0,0.0,21.736
2014,1,Commerical,0.014,1.673,1.078,0.032,6.539,4.469,0.288,0.0,11.296,14.094,0.0,0.0,0.0,0.0
2014,1,Electric Power,0.0,4.623,2.505,61.056,21.381,23.962,0.0,0.0,45.343,186.92,0.0,0.0,73.392,0.0
2014,1,Industrial,0.408,0.357,0.213,0.024,127.407,16.493,1.125,63.304,208.328,209.33,0.0,0.0,0.0,0.0
2014,1,Residential,0.0,3.363,4.361,0.0,49.136,0.0,0.0,0.0,0.0,56.86,0.0,0.0,0.0,0.0
2014,1,Transportation,0.0,0.0,0.0,0.0,0.0,0.0,86.84,0.0,100.135,0.0,2.933,0.092,0.0,10.269
2014,2,Commerical,0.012,1.511,1.166,0.026,5.885,3.457,0.273,0.0,9.615,12.331,0.0,0.0,0.0,0.0
2014,2,Electric Power,0.0,4.115,2.777,47.756,19.968,22.166,0.0,0.0,42.134,155.772,0.0,0.0,58.99,0.0
2014,2,Industrial,0.354,0.322,0.226,0.015,115.528,15.204,1.065,56.76,188.557,189.474,0.0,0.0,0.0,0.0
2014,2,Residential,0.0,3.038,4.63,0.0,44.381,0.0,0.0,0.0,0.0,52.049,0.0,0.0,0.0,0.0
2014,2,Transportation,0.0,0.0,0.0,0.0,0.0,0.0,82.214,0.0,94.561,0.0,2.575,0.108,0.0,9.663
2014,3,Commerical,0.013,1.673,1.573,0.029,6.507,3.801,0.291,0.0,10.599,13.888,0.0,0.0,0.0,0.0
2014,3,Electric Power,0.0,4.564,4.389,60.468,22.136,24.083,0.0,0.0,46.218,198.001,0.0,0.0,82.361,0.0
2014,3,Industrial,0.391,0.357,0.321,0.018,125.976,16.648,1.137,63.213,206.975,208.061,0.0,0.0,0.0,0.0
2014,3,Residential,0.0,3.363,6.34,0.0,49.136,0.0,0.0,0.0,0.0,58.84,0.0,0.0,0.0,0.0
2014,3,Transportation,0.0,0.0,0.0,0.0,0.0,0.0,87.731,0.0,105.564,0.0,3.577,0.15,0.0,14.106
2014,4,Commerical,0.013,1.619,1.704,0.028,6.172,3.756,0.297,0.0,10.225,13.59,0.0,0.0,0.0,0.0
2014,4,Electric Power,0.0,4.482,4.957,63.536,18.1,23.141,0.0,0.0,41.241,200.571,0.0,0.0,86.356,0.0
2014,4,Industrial,0.432,0.345,0.351,0.02,121.088,17.002,1.16,62.303,201.552,202.7,0.0,0.0,0.0,0.0
2014,4,Residential,0.0,3.255,6.923,0.0,47.551,0.0,0.0,0.0,0.0,57.728,0.0,0.0,0.0,0.0
2014,4,Transportation,0.0,0.0,0.0,0.0,0.0,0.0,89.528,0.0,106.344,0.0,4.382,0.114,0.0,12.32
2014,5,Commerical,0.013,1.673,1.877,0.022,6.483,3.965,0.311,0.0,10.76,14.346,0.0,0.0,0.0,0.0
2014,5,Electric Power,0.0,4.546,5.835,53.195,17.285,23.791,0.0,0.0,41.077,194.765,0.0,0.0,90.112,0.0
2014,5,Industrial,0.442,0.357,0.386,0.015,123.273,15.371,1.215,64.934,204.793,205.992,0.0,0.0,0.0,0.0
2014,5,Residential,0.0,3.363,7.66,0.0,49.136,0.0,0.0,0.0,0.0,60.159,0.0,0.0,0.0,0.0
2014,5,Transportation,0.0,0.0,0.0,0.0,0.0,0.0,93.767,0.0,112.737,0.0,4.27,0.104,0.0,14.596
2014,6,Commerical,0.011,1.619,1.872,0.032,6.406,3.935,0.305,0.0,10.646,14.181,0.0,0.0,0.0,0.0
2014,6,Electric Power,0.0,4.413,6.424,53.863,21.855,23.511,0.0,0.0,45.365,197.55,0.0,0.0,87.485,0.0
2014,6,Industrial,0.341,0.345,0.39,0.011,124.514,14.967,1.191,64.444,205.116,206.203,0.0,0.0,0.0,0.0
2014,6,Residential,0.0,3.255,7.742,0.0,47.551,0.0,0.0,0.0,0.0,58.547,0.0,0.0,0.0,0.0
2014,6,Transportation,0.0,0.0,0.0,0.0,0.0,0.0,91.945,0.0,110.183,0.0,2.302,0.113,0.0,15.824
2014,7,Commerical,0.011,1.673,1.933,0.028,6.51,4.203,0.318,0.0,11.031,14.677,0.0,0.0,0.0,0.0
2014,7,Electric Power,0.0,4.502,5.965,41.546,22.764,24.823,0.0,0.0,47.587,182.392,0.0,0.0,82.792,0.0
2014,7,Industrial,0.304,0.357,0.406,0.009,128.275,15.968,1.24,66.216,211.698,212.774,0.0,0.0,0.0,0.0
2014,7,Residential,0.0,3.363,8.091,0.0,49.136,0.0,0.0,0.0,0.0,60.59,0.0,0.0,0.0,0.0
2014,7,Transportation,0.0,0.0,0.0,0.0,0.0,0.0,95.731,0.0,114.717,0.0,3.776,0.163,0.0,15.048
2014,8,Commerical,0.009,1.673,1.908,0.022,6.493,4.155,0.316,0.0,10.964,14.576,0.0,0.0,0.0,0.0
2014,8,Electric Power,0.0,4.535,6.274,34.673,22.576,23.863,0.0,0.0,46.44,159.167,0.0,0.0,67.245,0.0
2014,8,Industrial,0.328,0.357,0.402,0.007,129.735,14.936,1.234,64.528,210.433,211.525,0.0,0.0,0.0,0.0
2014,8,Residential,0.0,3.363,8.04,0.0,49.136,0.0,0.0,0.0,0.0,60.54,0.0,0.0,0.0,0.0
2014,8,Transportation,0.0,0.0,0.0,0.0,0.0,0.0,95.211,0.0,117.011,0.0,2.52,0.004,0.0,19.276
2014,9,Commerical,0.009,1.619,1.719,0.026,6.231,3.936,0.295,0.0,10.462,13.835,0.0,0.0,0.0,0.0
2014,9,Electric Power,0.0,4.461,6.126,39.271,20.837,22.389,0.0,0.0,43.226,147.629,0.0,0.0,54.544,0.0
2014,9,Industrial,0.293,0.345,0.367,0.007,121.223,14.31,1.15,62.607,199.29,200.302,0.0,0.0,0.0,0.0
2014,9,Residential,0.0,3.255,7.419,0.0,47.551,0.0,0.0,0.0,0.0,58.225,0.0,0.0,0.0,0.0
2014,9,Transportation,0.0,0.0,0.0,0.0,0.0,0.0,88.728,0.0,109.551,0.0,2.185,0.084,0.0,18.554
2014,10,Commerical,0.008,1.673,1.552,0.037,6.426,3.8,0.319,0.0,10.546,13.816,0.0,0.0,0.0,0.0
2014,10,Electric Power,0.0,4.589,5.732,49.448,20.279,22.125,0.0,0.0,42.403,160.393,0.0,0.0,58.221,0.0
2014,10,Industrial,0.319,0.357,0.347,0.016,124.645,16.541,1.246,64.549,206.982,208.02,0.0,0.0,0.0,0.0
2014,10,Residential,0.0,3.363,6.877,0.0,49.136,0.0,0.0,0.0,0.0,59.376,0.0,0.0,0.0,0.0
2014,10,Transportation,0.0,0.0,0.0,0.0,0.0,0.0,96.164,0.0,116.799,0.0,4.046,0.252,0.0,16.336
2014,11,Commerical,0.007,1.619,1.249,0.045,6.199,3.647,0.304,0.0,10.15,13.069,0.0,0.0,0.0,0.0
2014,11,Electric Power,0.0,4.649,4.609,64.308,21.604,22.023,0.0,0.0,43.627,180.397,0.0,0.0,63.203,0.0
2014,11,Industrial,0.338,0.345,0.279,0.021,123.289,15.879,1.187,64.311,204.666,205.649,0.0,0.0,0.0,0.0
2014,11,Residential,0.0,3.255,5.668,0.0,47.551,0.0,0.0,0.0,0.0,56.474,0.0,0.0,0.0,0.0
2014,11,Transportation,0.0,0.0,0.0,0.0,0.0,0.0,91.608,0.0,110.478,0.0,2.159,0.148,0.0,16.563
2014,12,Commerical,0.008,1.673,1.191,0.035,6.438,3.839,0.312,0.0,10.589,13.496,0.0,0.0,0.0,0.0
2014,12,Electric Power,0.0,4.691,3.449,50.144,22.468,23.013,0.0,0.0,45.481,179.517,0.0,0.0,75.752,0.0
2014,12,Industrial,0.426,0.357,0.257,0.015,130.046,16.707,1.218,69.306,217.277,218.332,0.0,0.0,0.0,0.0
2014,12,Residential,0.0,3.363,5.491,0.0,49.136,0.0,0.0,0.0,0.0,57.991,0.0,0.0,0.0,0.0
2014,12,Transportation,0.0,0.0,0.0,0.0,0.0,0.0,94.034,0.0,116.227,0.0,3.75,0.215,0.0,18.229
2015,1,Commerical,0.011,1.673,1.185,0.036,6.817,3.858,2.019,0.0,12.694,15.6,0.0,0.0,0.0,0.0
2015,1,Electric Power,0.0,4.647,3.87,51.679,22.132,22.651,0.0,0.0,44.782,186.914,0.0,0.0,81.936,0.0
2015,1,Industrial,0.413,0.357,0.275,0.018,129.738,16.636,1.385,66.631,214.39,215.453,0.0,0.0,0.0,0.0
2015,1,Residential,0.0,3.363,4.485,0.0,43.547,0.0,0.0,0.0,0.0,51.396,0.0,0.0,0.0,0.0
2015,1,Transportation,0.0,0.0,0.0,0.0,0.0,0.0,87.584,0.0,96.85,0.0,2.735,0.231,0.0,6.3
2015,2,Commerical,0.009,1.511,1.294,0.032,6.181,3.392,1.907,0.0,11.48,14.326,0.0,0.0,0.0,0.0
2015,2,Electric Power,0.0,4.299,4.979,50.865,20.921,20.486,0.0,0.0,41.407,177.225,0.0,0.0,75.674,0.0
2015,2,Industrial,0.357,0.322,0.294,0.015,116.126,14.558,1.308,60.029,192.022,193.01,0.0,0.0,0.0,0.0
2015,2,Residential,0.0,3.038,4.913,0.0,39.333,0.0,0.0,0.0,0.0,47.284,0.0,0.0,0.0,0.0
2015,2,Transportation,0.0,0.0,0.0,0.0,0.0,0.0,82.738,0.0,97.347,0.0,2.972,0.161,0.0,11.476
2015,3,Commerical,0.009,1.673,1.746,0.035,6.737,3.882,2.127,0.0,12.746,16.209,0.0,0.0,0.0,0.0
2015,3,Electric Power,0.0,4.756,6.951,52.18,20.609,22.403,0.0,0.0,43.011,189.291,0.0,0.0,82.393,0.0
2015,3,Industrial,0.444,0.357,0.414,0.016,121.746,16.546,1.459,66.076,205.826,207.058,0.0,0.0,0.0,0.0
2015,3,Residential,0.0,3.363,6.878,0.0,43.547,0.0,0.0,0.0,0.0,53.789,0.0,0.0,0.0,0.0
2015,3,Transportation,0.0,0.0,0.0,0.0,0.0,0.0,92.26,0.0,109.353,0.0,3.64,0.188,0.0,13.265
2015,4,Commerical,0.009,1.619,1.924,0.039,6.518,3.859,2.036,0.0,12.414,16.005,0.0,0.0,0.0,0.0
2015,4,Electric Power,0.0,4.342,7.977,60.906,17.821,21.822,0.0,0.0,39.644,189.06,0.0,0.0,76.192,0.0
2015,4,Industrial,0.47,0.345,0.449,0.018,121.028,15.971,1.397,62.596,200.991,202.273,0.0,0.0,0.0,0.0
2015,4,Residential,0.0,3.255,7.709,0.0,42.143,0.0,0.0,0.0,0.0,53.107,0.0,0.0,0.0,0.0
2015,4,Transportation,0.0,0.0,0.0,0.0,0.0,0.0,88.335,0.0,107.542,0.0,3.876,0.159,0.0,15.172
2015,5,Commerical,0.009,1.673,2.114,0.035,6.576,4.007,2.226,0.0,12.809,16.64,0.0,0.0,0.0,0.0
2015,5,Electric Power,0.0,4.743,8.38,58.469,18.431,22.969,0.0,0.0,41.4,181.217,0.0,0.0,68.224,0.0
2015,5,Industrial,0.435,0.357,0.499,0.016,124.605,15.363,1.527,66.573,208.068,209.375,0.0,0.0,0.0,0.0
2015,5,Residential,0.0,3.363,8.517,0.0,43.547,0.0,0.0,0.0,0.0,55.428,0.0,0.0,0.0,0.0
2015,5,Transportation,0.0,0.0,0.0,0.0,0.0,0.0,96.564,0.0,118.27,0.0,3.652,0.171,0.0,17.882
2015,6,Commerical,0.012,1.619,2.097,0.028,6.469,3.931,2.177,0.0,12.577,16.332,0.0,0.0,0.0,0.0
2015,6,Electric Power,0.0,4.441,8.571,45.753,20.611,23.125,0.0,0.0,43.736,171.754,0.0,0.0,69.252,0.0
2015,6,Industrial,0.389,0.345,0.498,0.012,121.134,14.929,1.493,66.661,204.217,205.462,0.0,0.0,0.0,0.0
2015,6,Residential,0.0,3.255,8.638,0.0,42.143,0.0,0.0,0.0,0.0,54.036,0.0,0.0,0.0,0.0
2015,6,Transportation,0.0,0.0,0.0,0.0,0.0,0.0,94.423,0.0,119.11,0.0,3.908,0.146,0.0,20.633
2015,7,Commerical,0.01,1.673,2.188,0.025,6.822,4.268,2.237,0.0,13.327,17.224,0.0,0.0,0.0,0.0
2015,7,Electric Power,0.0,4.629,8.801,46.627,22.354,25.607,0.0,0.0,47.961,179.315,0.0,0.0,71.297,0.0
2015,7,Industrial,0.393,0.357,0.519,0.009,126.362,15.733,1.534,67.922,211.552,212.83,0.0,0.0,0.0,0.0
2015,7,Residential,0.0,3.363,9.151,0.0,43.547,0.0,0.0,0.0,0.0,56.062,0.0,0.0,0.0,0.0
2015,7,Transportation,0.0,0.0,0.0,0.0,0.0,0.0,97.034,0.0,120.479,0.0,4.816,0.174,0.0,18.456
2015,8,Commerical,0.008,1.673,2.12,0.025,6.701,4.083,2.25,0.0,13.034,16.859,0.0,0.0,0.0,0.0
2015,8,Electric Power,0.0,4.586,9.006,44.595,22.964,24.774,0.0,0.0,47.739,170.855,0.0,0.0,64.929,0.0
2015,8,Industrial,0.308,0.357,0.51,0.009,126.709,15.214,1.544,66.85,210.317,211.5,0.0,0.0,0.0,0.0
2015,8,Residential,0.0,3.363,9.085,0.0,43.547,0.0,0.0,0.0,0.0,55.996,0.0,0.0,0.0,0.0
2015,8,Transportation,0.0,0.0,0.0,0.0,0.0,0.0,97.614,0.0,121.801,0.0,4.189,0.224,0.0,19.774
2015,9,Commerical,0.007,1.619,1.886,0.027,6.539,4.045,2.161,0.0,12.745,16.285,0.0,0.0,0.0,0.0
2015,9,Electric Power,0.0,4.104,7.43,47.635,19.935,23.121,0.0,0.0,43.055,156.868,0.0,0.0,54.643,0.0
2015,9,Industrial,0.262,0.345,0.467,0.009,121.041,14.701,1.482,64.114,201.339,202.423,0.0,0.0,0.0,0.0
2015,9,Residential,0.0,3.255,8.242,0.0,42.143,0.0,0.0,0.0,0.0,53.64,0.0,0.0,0.0,0.0
2015,9,Transportation,0.0,0.0,0.0,0.0,0.0,0.0,93.752,0.0,117.861,0.0,4.371,0.164,0.0,19.573
2015,10,Commerical,0.01,1.673,1.664,0.038,6.69,3.776,2.178,0.0,12.645,16.029,0.0,0.0,0.0,0.0
2015,10,Electric Power,0.0,4.514,6.399,55.832,17.459,23.881,0.0,0.0,41.34,164.428,0.0,0.0,56.343,0.0
2015,10,Industrial,0.39,0.357,0.432,0.018,120.135,16.885,1.494,67.022,205.536,206.733,0.0,0.0,0.0,0.0
2015,10,Residential,0.0,3.363,7.444,0.0,43.547,0.0,0.0,0.0,0.0,54.355,0.0,0.0,0.0,0.0
2015,10,Transportation,0.0,0.0,0.0,0.0,0.0,0.0,94.489,0.0,116.311,0.0,4.579,0.154,0.0,17.09
2015,11,Commerical,0.01,1.619,1.344,0.043,6.485,3.913,2.128,0.0,12.525,15.541,0.0,0.0,0.0,0.0
2015,11,Electric Power,0.0,4.55,5.806,67.091,19.195,24.738,0.0,0.0,43.933,186.897,0.0,0.0,65.517,0.0
2015,11,Industrial,0.454,0.345,0.346,0.02,121.498,16.499,1.459,66.494,205.95,207.115,0.0,0.0,0.0,0.0
2015,11,Residential,0.0,3.255,6.132,0.0,42.143,0.0,0.0,0.0,0.0,51.53,0.0,0.0,0.0,0.0
2015,11,Transportation,0.0,0.0,0.0,0.0,0.0,0.0,92.288,0.0,111.549,0.0,5.089,0.153,0.0,14.018
2015,12,Commerical,0.014,1.673,1.272,0.041,6.753,4.016,2.141,0.0,12.91,15.91,0.0,0.0,0.0,0.0
2015,12,Electric Power,0.0,4.698,5.272,68.514,21.426,25.445,0.0,0.0,46.871,203.888,0.0,0.0,78.532,0.0
2015,12,Industrial,0.494,0.357,0.322,0.021,125.765,17.284,1.468,69.602,214.119,215.314,0.0,0.0,0.0,0.0
2015,12,Residential,0.0,3.363,5.68,0.0,43.547,0.0,0.0,0.0,0.0,52.591,0.0,0.0,0.0,0.0
2015,12,Transportation,0.0,0.0,0.0,0.0,0.0,0.0,92.86,0.0,114.59,0.0,4.522,0.198,0.0,17.009
2016,1,Commerical,0.072,1.669,1.272,0.038,7.17,3.98,1.99,0.0,13.14,16.191,0.0,0.0,0.0,0.0
2016,1,Electric Power,0.0,4.545,4.975,62.941,20.69,23.184,0.0,0.0,43.874,203.217,0.0,0.0,86.883,0.0
2016,1,Industrial,0.442,0.356,0.391,0.028,126.751,15.0,1.392,67.969,211.112,212.329,0.0,0.0,0.0,0.0
2016,1,Residential,0.0,3.354,5.09,0.0,37.661,0.0,0.0,0.0,0.0,46.105,0.0,0.0,0.0,0.0
2016,1,Transportation,0.0,0.0,0.0,0.0,0.0,0.0,88.18,0.0,103.351,0.0,2.082,0.139,0.0,12.95
2016,2,Commerical,0.061,1.561,1.492,0.042,6.695,3.614,2.032,0.0,12.342,15.497,0.0,0.0,0.0,0.0
2016,2,Electric Power,0.0,4.242,7.508,68.644,20.495,22.337,0.0,0.0,42.831,205.134,0.0,0.0,81.908,0.0
2016,2,Industrial,0.394,0.333,0.431,0.025,118.51,14.516,1.421,64.31,198.757,199.941,0.0,0.0,0.0,0.0
2016,2,Residential,0.0,3.138,5.996,0.0,35.231,0.0,0.0,0.0,0.0,44.365,0.0,0.0,0.0,0.0
2016,2,Transportation,0.0,0.0,0.0,0.0,0.0,0.0,90.024,0.0,108.347,0.0,3.066,0.087,0.0,15.171
2016,3,Commerical,0.075,1.669,1.924,0.043,6.981,4.104,2.171,0.0,13.256,16.968,0.0,0.0,0.0,0.0
2016,3,Electric Power,0.0,4.487,8.771,74.79,19.47,23.599,0.0,0.0,43.07,224.013,0.0,0.0,92.894,0.0
2016,3,Industrial,0.485,0.356,0.591,0.024,121.447,15.839,1.518,69.181,207.986,209.441,0.0,0.0,0.0,0.0
2016,3,Residential,0.0,3.354,8.01,0.0,37.661,0.0,0.0,0.0,0.0,49.025,0.0,0.0,0.0,0.0
2016,3,Transportation,0.0,0.0,0.0,0.0,0.0,0.0,96.208,0.0,118.448,0.0,5.125,0.188,0.0,16.928
2016,4,Commerical,0.05,1.615,2.088,0.041,6.839,3.931,2.012,0.0,12.781,16.574,0.0,0.0,0.0,0.0
2016,4,Electric Power,0.0,4.125,9.66,70.905,15.235,23.823,0.0,0.0,39.058,211.555,0.0,0.0,87.807,0.0
2016,4,Industrial,0.438,0.344,0.644,0.022,115.26,14.925,1.407,63.034,194.626,196.074,0.0,0.0,0.0,0.0
2016,4,Residential,0.0,3.246,9.01,0.0,36.446,0.0,0.0,0.0,0.0,48.701,0.0,0.0,0.0,0.0
2016,4,Transportation,0.0,0.0,0.0,0.0,0.0,0.0,89.149,0.0,111.083,0.0,3.632,0.149,0.0,18.154
2016,5,Commerical,0.039,1.669,2.263,0.036,6.964,4.051,2.195,0.0,13.209,17.216,0.0,0.0,0.0,0.0
2016,5,Electric Power,0.0,4.578,11.516,64.255,15.721,23.916,0.0,0.0,39.637,206.498,0.0,0.0,86.513,0.0
2016,5,Industrial,0.408,0.356,0.711,0.018,120.854,14.973,1.535,67.853,205.215,206.707,0.0,0.0,0.0,0.0
2016,5,Residential,0.0,3.354,9.969,0.0,37.661,0.0,0.0,0.0,0.0,50.984,0.0,0.0,0.0,0.0
2016,5,Transportation,0.0,0.0,0.0,0.0,0.0,0.0,97.244,0.0,125.591,0.0,5.221,0.233,0.0,22.893
2016,6,Commerical,0.043,1.615,2.305,0.031,6.929,3.992,2.195,0.0,13.116,17.11,0.0,0.0,0.0,0.0
2016,6,Electric Power,0.0,4.27,11.661,55.581,18.136,23.135,0.0,0.0,41.271,191.687,0.0,0.0,78.904,0.0
2016,6,Industrial,0.337,0.344,0.713,0.016,121.133,12.94,1.535,68.115,203.723,205.133,0.0,0.0,0.0,0.0
2016,6,Residential,0.0,3.246,10.276,0.0,36.446,0.0,0.0,0.0,0.0,49.968,0.0,0.0,0.0,0.0
2016,6,Transportation,0.0,0.0,0.0,0.0,0.0,0.0,97.255,0.0,124.757,0.0,6.084,0.091,0.0,21.327
2016,7,Commerical,0.051,1.669,2.373,0.033,7.105,4.213,2.246,0.0,13.563,17.69,0.0,0.0,0.0,0.0
2016,7,Electric Power,0.0,4.474,13.261,60.069,20.066,23.534,0.0,0.0,43.601,194.205,0.0,0.0,72.801,0.0
2016,7,Industrial,0.354,0.356,0.739,0.012,124.085,13.701,1.57,70.449,209.805,211.266,0.0,0.0,0.0,0.0
2016,7,Residential,0.0,3.354,10.683,0.0,37.661,0.0,0.0,0.0,0.0,51.698,0.0,0.0,0.0,0.0
2016,7,Transportation,0.0,0.0,0.0,0.0,0.0,0.0,99.496,0.0,130.846,0.0,4.081,0.231,0.0,27.038
2016,8,Commerical,0.065,1.669,2.311,0.026,7.184,4.169,2.276,0.0,13.629,17.7,0.0,0.0,0.0,0.0
2016,8,Electric Power,0.0,4.518,13.335,46.331,21.396,24.062,0.0,0.0,45.459,176.034,0.0,0.0,66.391,0.0
2016,8,Industrial,0.315,0.356,0.724,0.01,124.402,13.727,1.591,71.346,211.066,212.471,0.0,0.0,0.0,0.0
2016,8,Residential,0.0,3.354,10.37,0.0,37.661,0.0,0.0,0.0,0.0,51.385,0.0,0.0,0.0,0.0
2016,8,Transportation,0.0,0.0,0.0,0.0,0.0,0.0,100.825,0.0,134.14,0.0,5.205,0.238,0.0,27.871
2016,9,Commerical,0.08,1.615,2.064,0.031,6.901,3.96,2.131,0.0,12.992,16.782,0.0,0.0,0.0,0.0
2016,9,Electric Power,0.0,4.527,12.229,55.925,19.065,22.344,0.0,0.0,41.409,169.633,0.0,0.0,55.544,0.0
2016,9,Industrial,0.223,0.344,0.656,0.013,116.908,13.004,1.49,67.27,198.673,199.908,0.0,0.0,0.0,0.0
2016,9,Residential,0.0,3.246,9.249,0.0,36.446,0.0,0.0,0.0,0.0,48.941,0.0,0.0,0.0,0.0
2016,9,Transportation,0.0,0.0,0.0,0.0,0.0,0.0,94.435,0.0,127.126,0.0,6.096,0.178,0.0,26.417
2016,10,Commerical,0.073,1.669,1.828,0.04,7.046,3.905,2.165,0.0,13.115,16.726,0.0,0.0,0.0,0.0
2016,10,Electric Power,0.0,4.617,10.736,69.325,15.671,21.747,0.0,0.0,37.418,180.883,0.0,0.0,58.787,0.0
2016,10,Industrial,0.301,0.356,0.602,0.019,119.521,15.063,1.514,69.421,205.517,206.795,0.0,0.0,0.0,0.0
2016,10,Residential,0.0,3.354,8.272,0.0,37.661,0.0,0.0,0.0,0.0,49.287,0.0,0.0,0.0,0.0
2016,10,Transportation,0.0,0.0,0.0,0.0,0.0,0.0,95.906,0.0,126.353,0.0,5.057,0.319,0.0,25.071
2016,11,Commerical,0.059,1.615,1.462,0.038,6.815,4.076,2.136,0.0,13.027,16.201,0.0,0.0,0.0,0.0
2016,11,Electric Power,0.0,4.653,9.313,66.151,17.837,24.077,0.0,0.0,41.914,185.909,0.0,0.0,63.878,0.0
2016,11,Industrial,0.237,0.344,0.479,0.023,121.972,15.169,1.494,68.746,207.381,208.464,0.0,0.0,0.0,0.0
2016,11,Residential,0.0,3.246,6.731,0.0,36.446,0.0,0.0,0.0,0.0,46.423,0.0,0.0,0.0,0.0
2016,11,Transportation,0.0,0.0,0.0,0.0,0.0,0.0,94.637,0.0,127.708,0.0,6.93,0.284,0.0,25.857
2016,12,Commerical,0.071,1.669,1.434,0.048,7.113,4.136,2.25,0.0,13.499,16.721,0.0,0.0,0.0,0.0
2016,12,Electric Power,0.0,4.961,8.151,78.892,20.625,24.905,0.0,0.0,45.53,213.929,0.0,0.0,76.396,0.0
2016,12,Industrial,0.398,0.356,0.44,0.032,142.932,15.568,1.573,73.126,233.2,234.425,0.0,0.0,0.0,0.0
2016,12,Residential,0.0,3.354,6.177,0.0,37.661,0.0,0.0,0.0,0.0,47.192,0.0,0.0,0.0,0.0
2016,12,Transportation,0.0,0.0,0.0,0.0,0.0,0.0,99.692,0.0,130.868,0.0,4.409,0.352,0.0,26.415
2017,1,Commerical,0.073,1.673,1.517,0.038,7.269,4.287,1.976,0.0,13.532,16.834,0.0,0.0,0.0,0.0
2017,1,Electric Power,0.0,4.801,7.842,70.901,20.438,24.938,0.0,0.0,45.376,219.267,0.0,0.0,90.347,0.0
2017,1,Industrial,0.435,0.357,0.424,0.025,123.095,15.196,1.448,73.293,213.033,214.274,0.0,0.0,0.0,0.0
2017,1,Residential,0.0,3.363,5.772,0.0,36.485,0.0,0.0,0.0,0.0,45.62,0.0,0.0,0.0,0.0
2017,1,Transportation,0.0,0.0,0.0,0.0,0.0,0.0,90.809,0.0,109.497,0.0,5.532,0.254,0.0,12.901
2017,2,Commerical,0.067,1.511,1.672,0.037,6.521,3.792,1.835,0.0,12.147,15.436,0.0,0.0,0.0,0.0
2017,2,Electric Power,0.0,4.227,9.27,75.31,18.489,22.108,0.0,0.0,40.597,210.426,0.0,0.0,81.022,0.0
2017,2,Industrial,0.395,0.322,0.474,0.028,112.149,13.685,1.344,65.312,192.49,193.708,0.0,0.0,0.0,0.0
2017,2,Residential,0.0,3.038,6.441,0.0,32.954,0.0,0.0,0.0,0.0,42.433,0.0,0.0,0.0,0.0
2017,2,Transportation,0.0,0.0,0.0,0.0,0.0,0.0,84.296,0.0,102.934,0.0,4.17,0.266,0.0,14.202
2017,3,Commerical,0.083,1.673,2.305,0.057,7.013,4.006,2.082,0.0,13.101,17.219,0.0,0.0,0.0,0.0
2017,3,Electric Power,0.0,4.733,15.233,87.707,20.939,24.306,0.0,0.0,45.244,253.435,0.0,0.0,100.519,0.0
2017,3,Industrial,0.439,0.357,0.682,0.03,121.768,15.066,1.525,72.209,210.568,212.075,0.0,0.0,0.0,0.0
2017,3,Residential,0.0,3.363,9.253,0.0,36.485,0.0,0.0,0.0,0.0,49.101,0.0,0.0,0.0,0.0
2017,3,Transportation,0.0,0.0,0.0,0.0,0.0,0.0,95.669,0.0,120.047,0.0,5.085,0.212,0.0,19.081
2017,4,Commerical,0.087,1.619,2.553,0.05,6.801,3.894,2.042,0.0,12.737,17.046,0.0,0.0,0.0,0.0
2017,4,Electric Power,0.0,4.576,16.56,86.511,16.792,22.249,0.0,0.0,39.042,246.437,0.0,0.0,99.749,0.0
2017,4,Industrial,0.51,0.345,0.74,0.028,115.38,14.391,1.496,66.121,197.389,199.013,0.0,0.0,0.0,0.0
2017,4,Residential,0.0,3.255,10.321,0.0,35.308,0.0,0.0,0.0,0.0,48.884,0.0,0.0,0.0,0.0
2017,4,Transportation,0.0,0.0,0.0,0.0,0.0,0.0,93.839,0.0,119.872,0.0,4.729,0.399,0.0,20.906
2017,5,Commerical,0.093,1.673,2.817,0.045,7.032,4.049,2.176,0.0,13.257,17.885,0.0,0.0,0.0,0.0
2017,5,Electric Power,0.0,4.442,19.534,78.636,16.758,23.571,0.0,0.0,40.328,253.563,0.0,0.0,110.622,0.0
2017,5,Industrial,0.541,0.357,0.828,0.026,118.025,13.748,1.594,71.137,204.505,206.256,0.0,0.0,0.0,0.0
2017,5,Residential,0.0,3.363,11.388,0.0,36.485,0.0,0.0,0.0,0.0,51.236,0.0,0.0,0.0,0.0
2017,5,Transportation,0.0,0.0,0.0,0.0,0.0,0.0,99.999,0.0,131.775,0.0,6.174,0.158,0.0,25.445
2017,6,Commerical,0.083,1.619,2.85,0.036,6.832,3.955,2.175,0.0,12.963,17.551,0.0,0.0,0.0,0.0
2017,6,Electric Power,0.0,4.38,20.65,68.665,18.422,23.652,0.0,0.0,42.074,239.569,0.0,0.0,103.8,0.0
2017,6,Industrial,0.44,0.345,0.839,0.023,120.825,12.437,1.594,68.766,203.622,205.269,0.0,0.0,0.0,0.0
2017,6,Residential,0.0,3.255,11.744,0.0,35.308,0.0,0.0,0.0,0.0,50.307,0.0,0.0,0.0,0.0
2017,6,Transportation,0.0,0.0,0.0,0.0,0.0,0.0,99.951,0.0,130.708,0.0,5.272,0.241,0.0,25.244
2017,7,Commerical,0.072,1.673,2.943,0.027,7.083,4.095,2.146,0.0,13.325,18.041,0.0,0.0,0.0,0.0
2017,7,Electric Power,0.0,4.684,18.797,54.96,20.092,23.764,0.0,0.0,43.856,212.58,0.0,0.0,90.282,0.0
2017,7,Industrial,0.399,0.357,0.877,0.014,124.618,13.168,1.572,70.082,209.44,211.087,0.0,0.0,0.0,0.0
2017,7,Residential,0.0,3.363,12.017,0.0,36.485,0.0,0.0,0.0,0.0,51.865,0.0,0.0,0.0,0.0
2017,7,Transportation,0.0,0.0,0.0,0.0,0.0,0.0,98.595,0.0,127.71,0.0,5.175,0.23,0.0,23.71
2017,8,Commerical,0.06,1.673,2.869,0.02,7.094,4.11,2.233,0.0,13.437,18.058,0.0,0.0,0.0,0.0
2017,8,Electric Power,0.0,4.651,18.12,47.322,21.052,23.683,0.0,0.0,44.735,189.631,0.0,0.0,74.803,0.0
2017,8,Industrial,0.316,0.357,0.856,0.013,125.509,13.335,1.636,72.959,213.439,214.98,0.0,0.0,0.0,0.0
2017,8,Residential,0.0,3.363,11.647,0.0,36.485,0.0,0.0,0.0,0.0,51.495,0.0,0.0,0.0,0.0
2017,8,Transportation,0.0,0.0,0.0,0.0,0.0,0.0,102.597,0.0,134.035,0.0,5.43,0.268,0.0,25.74
2017,9,Commerical,0.052,1.619,2.586,0.038,6.721,3.679,2.088,0.0,12.488,16.783,0.0,0.0,0.0,0.0
2017,9,Electric Power,0.0,4.543,17.082,61.062,18.055,21.938,0.0,0.0,39.993,187.723,0.0,0.0,65.042,0.0
2017,9,Industrial,0.252,0.345,0.774,0.015,114.561,12.608,1.529,68.586,197.284,198.67,0.0,0.0,0.0,0.0
2017,9,Residential,0.0,3.255,10.438,0.0,35.308,0.0,0.0,0.0,0.0,49.001,0.0,0.0,0.0,0.0
2017,9,Transportation,0.0,0.0,0.0,0.0,0.0,0.0,95.914,0.0,123.066,0.0,4.857,0.22,0.0,22.075
2017,10,Commerical,0.044,1.673,2.295,0.051,7.123,3.678,2.163,0.0,12.964,17.027,0.0,0.0,0.0,0.0
2017,10,Electric Power,0.0,4.143,15.716,83.067,18.039,22.503,0.0,0.0,40.542,203.541,0.0,0.0,60.073,0.0
2017,10,Industrial,0.269,0.357,0.697,0.028,119.457,14.255,1.585,72.006,207.303,208.654,0.0,0.0,0.0,0.0
2017,10,Residential,0.0,3.363,9.334,0.0,36.485,0.0,0.0,0.0,0.0,49.183,0.0,0.0,0.0,0.0
2017,10,Transportation,0.0,0.0,0.0,0.0,0.0,0.0,99.39,0.0,126.769,0.0,5.436,0.254,0.0,21.689
2017,11,Commerical,0.049,1.619,1.821,0.047,6.986,3.907,2.12,0.0,13.013,16.55,0.0,0.0,0.0,0.0
2017,11,Electric Power,0.0,4.452,10.83,77.085,19.036,23.19,0.0,0.0,42.226,202.006,0.0,0.0,67.414,0.0
2017,11,Industrial,0.396,0.345,0.54,0.029,120.523,14.579,1.553,72.985,209.641,210.951,0.0,0.0,0.0,0.0
2017,11,Residential,0.0,3.255,7.31,0.0,35.308,0.0,0.0,0.0,0.0,45.873,0.0,0.0,0.0,0.0
2017,11,Transportation,0.0,0.0,0.0,0.0,0.0,0.0,97.39,0.0,122.961,0.0,4.109,0.306,0.0,21.156
2017,12,Commerical,0.056,1.673,1.769,0.044,7.254,4.054,2.113,0.0,13.422,16.965,0.0,0.0,0.0,0.0
2017,12,Electric Power,0.0,4.712,10.258,75.675,21.212,24.315,0.0,0.0,45.528,211.701,0.0,0.0,75.528,0.0
2017,12,Industrial,0.326,0.357,0.479,0.029,126.414,15.067,1.548,73.698,216.728,217.919,0.0,0.0,0.0,0.0
2017,12,Residential,0.0,3.363,6.856,0.0,36.485,0.0,0.0,0.0,0.0,46.704,0.0,0.0,0.0,0.0
2017,12,Transportation,0.0,0.0,0.0,0.0,0.0,0.0,97.103,0.0,124.282,0.0,5.685,0.329,0.0,21.164
2018,1,Commerical,0.064,1.673,1.983,0.06,7.205,3.987,2.133,0.0,13.325,17.105,0.0,0.0,0.0,0.0
2018,1,Electric Power,0.0,4.577,11.218,87.245,21.462,24.363,0.0,0.0,45.826,234.036,0.0,0.0,85.17,0.0
2018,1,Industrial,0.284,0.357,0.508,0.038,123.53,14.977,1.569,72.637,212.713,213.9,0.0,0.0,0.0,0.0
2018,1,Residential,0.0,3.363,6.708,0.0,44.577,0.0,0.0,0.0,0.0,54.649,0.0,0.0,0.0,0.0
2018,1,Transportation,0.0,0.0,0.0,0.0,0.0,0.0,96.486,0.0,114.617,0.0,2.581,0.259,0.0,15.29
2018,2,Commerical,0.066,1.511,2.169,0.053,6.557,3.709,1.815,0.0,12.081,15.879,0.0,0.0,0.0,0.0
2018,2,Electric Power,0.0,4.347,13.18,79.039,18.849,22.924,0.0,0.0,41.774,222.936,0.0,0.0,84.596,0.0
2018,2,Industrial,0.305,0.322,0.539,0.031,110.725,13.524,1.335,66.229,191.813,193.009,0.0,0.0,0.0,0.0
2018,2,Residential,0.0,3.038,7.326,0.0,40.263,0.0,0.0,0.0,0.0,50.627,0.0,0.0,0.0,0.0
2018,2,Transportation,0.0,0.0,0.0,0.0,0.0,0.0,82.108,0.0,102.213,0.0,5.243,0.284,0.0,14.578
2018,3,Commerical,0.073,1.673,2.944,0.063,7.217,3.987,2.116,0.0,13.319,18.072,0.0,0.0,0.0,0.0
2018,3,Electric Power,0.0,4.663,17.091,90.196,19.658,24.334,0.0,0.0,43.993,243.81,0.0,0.0,87.866,0.0
2018,3,Industrial,0.297,0.357,0.767,0.035,121.435,14.919,1.556,72.3,210.21,211.666,0.0,0.0,0.0,0.0
2018,3,Residential,0.0,3.363,10.116,0.0,44.577,0.0,0.0,0.0,0.0,58.056,0.0,0.0,0.0,0.0
2018,3,Transportation,0.0,0.0,0.0,0.0,0.0,0.0,95.716,0.0,119.339,0.0,3.18,0.295,0.0,20.149
2018,4,Commerical,0.08,1.619,3.265,0.055,6.828,3.899,1.982,0.0,12.709,17.728,0.0,0.0,0.0,0.0
2018,4,Electric Power,0.0,4.053,20.48,90.098,15.966,22.632,0.0,0.0,38.598,248.731,0.0,0.0,95.502,0.0
2018,4,Industrial,0.347,0.345,0.836,0.029,114.696,14.13,1.457,68.477,198.76,200.318,0.0,0.0,0.0,0.0
2018,4,Residential,0.0,3.255,11.468,0.0,43.139,0.0,0.0,0.0,0.0,57.862,0.0,0.0,0.0,0.0
2018,4,Transportation,0.0,0.0,0.0,0.0,0.0,0.0,89.654,0.0,114.154,0.0,4.423,0.286,0.0,19.79
2018,5,Commerical,0.083,1.673,3.577,0.047,7.039,4.041,2.289,0.0,13.369,18.749,0.0,0.0,0.0,0.0
2018,5,Electric Power,0.0,4.718,23.16,81.655,17.231,22.935,0.0,0.0,40.166,253.145,0.0,0.0,103.447,0.0
2018,5,Industrial,0.346,0.357,0.926,0.027,120.343,13.777,1.684,72.295,208.098,209.754,0.0,0.0,0.0,0.0
2018,5,Residential,0.0,3.363,12.614,0.0,44.577,0.0,0.0,0.0,0.0,60.554,0.0,0.0,0.0,0.0
2018,5,Transportation,0.0,0.0,0.0,0.0,0.0,0.0,103.559,0.0,133.018,0.0,7.906,0.264,0.0,21.288
2018,6,Commerical,0.072,1.619,3.634,0.047,6.927,3.921,2.161,0.0,13.009,18.382,0.0,0.0,0.0,0.0
2018,6,Electric Power,0.0,4.435,25.07,84.218,18.98,22.88,0.0,0.0,41.86,249.419,0.0,0.0,93.837,0.0
2018,6,Industrial,0.253,0.345,0.932,0.022,117.505,12.192,1.589,71.296,202.583,204.135,0.0,0.0,0.0,0.0
2018,6,Residential,0.0,3.255,12.84,0.0,43.139,0.0,0.0,0.0,0.0,59.234,0.0,0.0,0.0,0.0
2018,6,Transportation,0.0,0.0,0.0,0.0,0.0,0.0,97.765,0.0,123.427,0.0,2.966,0.039,0.0,22.657
2018,7,Commerical,0.065,1.673,3.734,0.033,7.129,3.973,2.24,0.0,13.342,18.847,0.0,0.0,0.0,0.0
2018,7,Electric Power,0.0,4.673,22.831,56.065,20.821,22.76,0.0,0.0,43.581,212.459,0.0,0.0,85.31,0.0
2018,7,Industrial,0.265,0.357,0.962,0.018,123.662,12.767,1.647,74.606,212.683,214.284,0.0,0.0,0.0,0.0
2018,7,Residential,0.0,3.363,13.188,0.0,44.577,0.0,0.0,0.0,0.0,61.128,0.0,0.0,0.0,0.0
2018,7,Transportation,0.0,0.0,0.0,0.0,0.0,0.0,101.332,0.0,126.06,0.0,3.474,0.002,0.0,21.252
2018,8,Commerical,0.059,1.673,3.579,0.037,7.174,4.049,2.308,0.0,13.532,18.881,0.0,0.0,0.0,0.0
2018,8,Electric Power,0.0,4.664,22.634,67.661,19.835,22.938,0.0,0.0,42.772,212.482,0.0,0.0,74.751,0.0
2018,8,Industrial,0.311,0.357,0.932,0.018,122.931,12.901,1.698,75.373,212.902,214.52,0.0,0.0,0.0,0.0
2018,8,Residential,0.0,3.363,12.639,0.0,44.577,0.0,0.0,0.0,0.0,60.579,0.0,0.0,0.0,0.0
2018,8,Transportation,0.0,0.0,0.0,0.0,0.0,0.0,104.42,0.0,132.263,0.0,3.838,0.226,0.0,23.779
2018,9,Commerical,0.053,1.619,3.202,0.041,6.861,3.602,1.986,0.0,12.448,17.363,0.0,0.0,0.0,0.0
2018,9,Electric Power,0.0,4.531,20.168,63.128,16.949,20.517,0.0,0.0,37.466,190.324,0.0,0.0,65.032,0.0
2018,9,Industrial,0.308,0.345,0.842,0.02,114.811,12.403,1.46,68.472,197.147,198.662,0.0,0.0,0.0,0.0
2018,9,Residential,0.0,3.255,11.143,0.0,43.139,0.0,0.0,0.0,0.0,57.537,0.0,0.0,0.0,0.0
2018,9,Transportation,0.0,0.0,0.0,0.0,0.0,0.0,89.823,0.0,118.167,0.0,6.191,0.429,0.0,21.725
2018,10,Commerical,0.048,1.673,2.818,0.052,7.044,3.868,2.189,0.0,13.1,17.691,0.0,0.0,0.0,0.0
2018,10,Electric Power,0.0,4.344,16.808,72.231,16.629,22.579,0.0,0.0,39.208,198.874,0.0,0.0,66.283,0.0
2018,10,Industrial,0.367,0.357,0.764,0.031,118.45,14.499,1.609,72.349,206.908,208.427,0.0,0.0,0.0,0.0
2018,10,Residential,0.0,3.363,9.996,0.0,44.577,0.0,0.0,0.0,0.0,57.937,0.0,0.0,0.0,0.0
2018,10,Transportation,0.0,0.0,0.0,0.0,0.0,0.0,99.003,0.0,127.155,0.0,6.102,0.303,0.0,21.747
2018,11,Commerical,0.054,1.619,2.226,0.055,6.835,3.876,2.106,0.0,12.818,16.773,0.0,0.0,0.0,0.0
2018,11,Electric Power,0.0,4.541,12.662,75.033,17.001,22.758,0.0,0.0,39.759,206.311,0.0,0.0,74.316,0.0
2018,11,Industrial,0.396,0.345,0.603,0.029,117.738,14.305,1.549,70.414,204.006,205.379,0.0,0.0,0.0,0.0
2018,11,Residential,0.0,3.255,7.978,0.0,43.139,0.0,0.0,0.0,0.0,54.372,0.0,0.0,0.0,0.0
2018,11,Transportation,0.0,0.0,0.0,0.0,0.0,0.0,95.283,0.0,121.909,0.0,6.192,0.315,0.0,20.119
2018,12,Commerical,0.057,1.787,2.094,0.052,7.257,4.014,2.15,0.0,13.421,17.411,0.0,0.0,0.0,0.0
2018,12,Electric Power,0.0,4.82,10.518,82.849,17.681,23.401,0.0,0.0,41.083,216.553,0.0,0.0,77.285,0.0
2018,12,Industrial,0.442,0.357,0.544,0.032,126.173,15.008,1.581,70.786,213.549,214.924,0.0,0.0,0.0,0.0
2018,12,Residential,0.0,3.363,7.421,0.0,44.577,0.0,0.0,0.0,0.0,55.361,0.0,0.0,0.0,0.0
2018,12,Transportation,0.0,0.0,0.0,0.0,0.0,0.0,97.267,0.0,123.4,0.0,5.169,0.433,0.0,20.531
2019,1,Commerical,0.056,1.817,2.249,0.06,7.284,3.725,1.993,0.0,13.002,17.183,0.0,0.0,0.0,0.0
2019,1,Electric Power,0.0,4.599,12.099,82.82,19.476,21.712,0.0,0.0,41.188,224.838,0.0,0.0,84.133,0.0
2019,1,Industrial,0.422,0.357,0.586,0.037,123.495,14.048,1.44,70.154,209.137,210.538,0.0,0.0,0.0,0.0
2019,1,Residential,0.0,3.363,7.316,0.0,46.331,0.0,0.0,0.0,0.0,57.01,0.0,0.0,0.0,0.0
2019,1,Transportation,0.0,0.0,0.0,0.0,0.0,0.0,89.286,0.0,111.889,0.0,6.449,0.308,0.0,15.847
2019,2,Commerical,0.051,1.65,2.421,0.053,6.576,3.25,2.013,0.0,11.838,16.013,0.0,0.0,0.0,0.0
2019,2,Electric Power,0.0,4.272,12.957,77.105,16.079,19.469,0.0,0.0,35.547,207.58,0.0,0.0,77.698,0.0
2019,2,Industrial,0.32,0.322,0.623,0.031,111.666,12.833,1.454,63.485,189.438,190.734,0.0,0.0,0.0,0.0
2019,2,Residential,0.0,3.038,7.941,0.0,41.847,0.0,0.0,0.0,0.0,52.826,0.0,0.0,0.0,0.0
2019,2,Transportation,0.0,0.0,0.0,0.0,0.0,0.0,90.163,0.0,113.326,0.0,6.2,0.343,0.0,16.62
2019,3,Commerical,0.064,1.824,3.355,0.059,7.196,3.465,2.12,0.0,12.781,18.082,0.0,0.0,0.0,0.0
2019,3,Electric Power,0.0,4.703,19.93,87.845,16.137,21.217,0.0,0.0,37.354,239.253,0.0,0.0,89.421,0.0
2019,3,Industrial,0.367,0.357,0.891,0.033,119.877,13.746,1.531,68.586,203.741,205.389,0.0,0.0,0.0,0.0
2019,3,Residential,0.0,3.363,11.314,0.0,46.331,0.0,0.0,0.0,0.0,61.008,0.0,0.0,0.0,0.0
2019,3,Transportation,0.0,0.0,0.0,0.0,0.0,0.0,94.937,0.0,123.088,0.0,7.461,0.415,0.0,20.275
2019,4,Commerical,0.065,1.711,3.707,0.059,6.84,3.014,2.087,0.0,11.941,17.483,0.0,0.0,0.0,0.0
2019,4,Electric Power,0.0,4.187,22.827,98.565,13.692,19.918,0.0,0.0,33.61,253.684,0.0,0.0,94.495,0.0
2019,4,Industrial,0.362,0.345,0.975,0.035,112.582,12.628,1.508,68.966,195.684,197.401,0.0,0.0,0.0,0.0
2019,4,Residential,0.0,3.255,12.638,0.0,44.836,0.0,0.0,0.0,0.0,60.729,0.0,0.0,0.0,0.0
2019,4,Transportation,0.0,0.0,0.0,0.0,0.0,0.0,93.5,0.0,121.526,0.0,7.637,0.446,0.0,19.943
2019,5,Commerical,0.074,1.801,3.987,0.049,7.062,2.933,2.294,0.0,12.29,18.2,0.0,0.0,0.0,0.0
2019,5,Electric Power,0.0,4.451,24.21,87.882,16.091,20.539,0.0,0.0,36.629,261.866,0.0,0.0,108.694,0.0
2019,5,Industrial,0.354,0.357,1.082,0.029,116.044,12.539,1.657,72.293,202.533,204.355,0.0,0.0,0.0,0.0
2019,5,Residential,0.0,3.363,13.868,0.0,46.331,0.0,0.0,0.0,0.0,63.562,0.0,0.0,0.0,0.0
2019,5,Transportation,0.0,0.0,0.0,0.0,0.0,0.0,102.766,0.0,134.388,0.0,9.551,0.438,0.0,21.633
2019,6,Commerical,0.062,1.735,4.031,0.042,6.845,3.289,2.233,0.0,12.366,18.236,0.0,0.0,0.0,0.0
2019,6,Electric Power,0.0,4.416,26.948,76.518,16.26,20.434,0.0,0.0,36.694,239.993,0.0,0.0,95.416,0.0
2019,6,Industrial,0.323,0.345,1.093,0.026,114.482,12.467,1.613,70.915,199.477,201.264,0.0,0.0,0.0,0.0
2019,6,Residential,0.0,3.255,14.126,0.0,44.836,0.0,0.0,0.0,0.0,62.217,0.0,0.0,0.0,0.0
2019,6,Transportation,0.0,0.0,0.0,0.0,0.0,0.0,100.01,0.0,127.954,0.0,7.388,0.264,0.0,20.293
2019,7,Commerical,0.055,1.787,4.234,0.037,7.193,3.189,2.241,0.0,12.623,18.735,0.0,0.0,0.0,0.0
2019,7,Electric Power,0.0,4.579,27.477,75.352,18.751,21.015,0.0,0.0,39.766,231.75,0.0,0.0,84.577,0.0
2019,7,Industrial,0.244,0.357,1.129,0.019,120.256,12.333,1.618,72.377,206.584,208.332,0.0,0.0,0.0,0.0
2019,7,Residential,0.0,3.363,14.733,0.0,46.331,0.0,0.0,0.0,0.0,64.427,0.0,0.0,0.0,0.0
2019,7,Transportation,0.0,0.0,0.0,0.0,0.0,0.0,100.363,0.0,131.399,0.0,9.092,0.301,0.0,21.643
2019,8,Commerical,0.051,1.778,4.028,0.032,7.149,3.347,2.223,0.0,12.719,18.608,0.0,0.0,0.0,0.0
2019,8,Electric Power,0.0,4.649,26.623,68.116,19.268,21.21,0.0,0.0,40.478,216.65,0.0,0.0,76.785,0.0
2019,8,Industrial,0.202,0.357,1.093,0.017,120.736,12.444,1.605,70.974,205.759,207.428,0.0,0.0,0.0,0.0
2019,8,Residential,0.0,3.363,14.171,0.0,46.331,0.0,0.0,0.0,0.0,63.865,0.0,0.0,0.0,0.0
2019,8,Transportation,0.0,0.0,0.0,0.0,0.0,0.0,99.555,0.0,128.624,0.0,8.2,0.157,0.0,20.712
2019,9,Commerical,0.041,1.72,3.581,0.047,6.918,3.207,2.074,0.0,12.199,17.587,0.0,0.0,0.0,0.0
2019,9,Electric Power,0.0,4.566,23.044,83.574,16.857,19.658,0.0,0.0,36.515,210.689,0.0,0.0,62.99,0.0
2019,9,Industrial,0.179,0.345,0.987,0.018,113.421,11.74,1.498,64.984,191.643,193.173,0.0,0.0,0.0,0.0
2019,9,Residential,0.0,3.255,12.545,0.0,44.836,0.0,0.0,0.0,0.0,60.637,0.0,0.0,0.0,0.0
2019,9,Transportation,0.0,0.0,0.0,0.0,0.0,0.0,92.905,0.0,120.376,0.0,7.949,0.372,0.0,19.151
2019,10,Commerical,0.037,1.803,3.163,0.059,7.152,3.179,2.258,0.0,12.59,17.651,0.0,0.0,0.0,0.0
2019,10,Electric Power,0.0,3.763,20.609,94.166,14.635,20.567,0.0,0.0,35.202,215.948,0.0,0.0,62.208,0.0
2019,10,Industrial,0.215,0.357,0.892,0.03,116.85,13.533,1.631,68.768,200.782,202.276,0.0,0.0,0.0,0.0
2019,10,Residential,0.0,3.363,11.06,0.0,46.331,0.0,0.0,0.0,0.0,60.754,0.0,0.0,0.0,0.0
2019,10,Transportation,0.0,0.0,0.0,0.0,0.0,0.0,101.146,0.0,129.283,0.0,8.71,0.348,0.0,19.079
2019,11,Commerical,0.042,1.763,2.453,0.056,6.949,3.115,2.204,0.0,12.268,16.582,0.0,0.0,0.0,0.0
2019,11,Electric Power,0.0,3.212,14.75,85.845,15.714,20.365,0.0,0.0,36.079,208.599,0.0,0.0,68.713,0.0
2019,11,Industrial,0.227,0.345,0.694,0.028,116.536,13.483,1.592,69.605,201.216,202.511,0.0,0.0,0.0,0.0
2019,11,Residential,0.0,3.255,8.737,0.0,44.836,0.0,0.0,0.0,0.0,56.828,0.0,0.0,0.0,0.0
2019,11,Transportation,0.0,0.0,0.0,0.0,0.0,0.0,98.704,0.0,125.0,0.0,8.561,0.339,0.0,17.395
2019,12,Commerical,0.046,1.819,2.333,0.058,7.135,3.328,2.194,0.0,12.657,16.913,0.0,0.0,0.0,0.0
2019,12,Electric Power,0.0,3.89,11.681,90.814,17.565,21.51,0.0,0.0,39.075,218.387,0.0,0.0,72.927,0.0
2019,12,Industrial,0.31,0.357,0.624,0.037,121.039,13.998,1.585,73.876,210.497,211.824,0.0,0.0,0.0,0.0
2019,12,Residential,0.0,3.363,7.936,0.0,46.331,0.0,0.0,0.0,0.0,57.63,0.0,0.0,0.0,0.0
2019,12,Transportation,0.0,0.0,0.0,0.0,0.0,0.0,98.289,0.0,129.748,0.0,12.208,0.53,0.0,18.721
2020,1,Commerical,0.06,1.789,2.617,0.053,7.202,3.309,2.477,0.0,12.989,17.509,0.0,0.0,0.0,0.0
2020,1,Electric Power,0.0,3.795,15.091,95.868,17.381,21.909,0.0,0.0,39.29,237.222,0.0,0.0,83.179,0.0
2020,1,Industrial,0.347,0.356,0.669,0.03,120.082,14.442,1.796,73.866,210.185,211.587,0.0,0.0,0.0,0.0
2020,1,Residential,0.0,3.354,8.363,0.0,29.229,0.0,0.0,0.0,0.0,40.946,0.0,0.0,0.0,0.0
2020,1,Transportation,0.0,0.0,0.0,0.0,0.0,0.0,95.039,0.0,119.732,0.0,7.574,0.324,0.0,16.795
2020,2,Commerical,0.062,1.701,2.97,0.055,6.734,3.042,2.274,0.0,12.05,16.839,0.0,0.0,0.0,0.0
2020,2,Electric Power,0.0,4.057,18.829,99.24,16.405,20.123,0.0,0.0,36.528,246.484,0.0,0.0,87.83,0.0
2020,2,Industrial,0.37,0.333,0.742,0.029,113.052,13.273,1.648,67.647,195.62,197.095,0.0,0.0,0.0,0.0
2020,2,Residential,0.0,3.138,9.507,0.0,27.343,0.0,0.0,0.0,0.0,39.988,0.0,0.0,0.0,0.0
2020,2,Transportation,0.0,0.0,0.0,0.0,0.0,0.0,87.22,0.0,114.701,0.0,8.928,0.305,0.0,18.248
2020,3,Commerical,0.057,1.816,3.849,0.058,7.055,3.357,1.982,0.0,12.395,18.175,0.0,0.0,0.0,0.0
2020,3,Electric Power,0.0,4.852,21.486,99.951,15.711,21.753,0.0,0.0,37.464,244.561,0.0,0.0,80.807,0.0
2020,3,Industrial,0.42,0.356,1.021,0.029,117.731,13.913,1.437,65.207,198.288,200.113,0.0,0.0,0.0,0.0
2020,3,Residential,0.0,3.354,12.376,0.0,29.229,0.0,0.0,0.0,0.0,44.959,0.0,0.0,0.0,0.0
2020,3,Transportation,0.0,0.0,0.0,0.0,0.0,0.0,76.048,0.0,103.292,0.0,8.163,0.381,0.0,18.7
2020,4,Commerical,0.058,1.749,4.244,0.06,6.7,3.099,1.405,0.0,11.204,17.315,0.0,0.0,0.0,0.0
2020,4,Electric Power,0.0,4.57,26.813,101.426,12.738,20.05,0.0,0.0,32.788,244.299,0.0,0.0,78.702,0.0
2020,4,Industrial,0.38,0.344,1.106,0.028,111.528,13.361,1.018,37.736,163.643,165.502,0.0,0.0,0.0,0.0
2020,4,Residential,0.0,3.246,13.883,0.0,28.286,0.0,0.0,0.0,0.0,45.415,0.0,0.0,0.0,0.0
2020,4,Transportation,0.0,0.0,0.0,0.0,0.0,0.0,53.887,0.0,81.201,0.0,8.01,0.415,0.0,18.888
2020,5,Commerical,0.079,1.801,4.691,0.051,7.021,3.22,2.028,0.0,12.269,18.89,0.0,0.0,0.0,0.0
2020,5,Electric Power,0.0,4.516,32.672,96.744,13.94,20.515,0.0,0.0,34.455,270.239,0.0,0.0,101.852,0.0
2020,5,Industrial,0.348,0.356,1.231,0.029,113.976,13.501,1.47,46.906,175.854,177.818,0.0,0.0,0.0,0.0
2020,5,Residential,0.0,3.354,15.614,0.0,29.229,0.0,0.0,0.0,0.0,48.197,0.0,0.0,0.0,0.0
2020,5,Transportation,0.0,0.0,0.0,0.0,0.0,0.0,77.816,0.0,104.737,0.0,7.836,0.291,0.0,18.794
2020,6,Commerical,0.075,1.73,4.678,0.051,6.903,3.051,2.338,0.0,12.292,18.826,0.0,0.0,0.0,0.0
2020,6,Electric Power,0.0,4.233,32.672,102.83,14.003,18.948,0.0,0.0,32.952,267.896,0.0,0.0,95.21,0.0
2020,6,Industrial,0.249,0.344,1.251,0.204,108.24,12.28,1.695,57.482,179.696,181.744,0.0,0.0,0.0,0.0
2020,6,Residential,0.0,3.246,15.617,0.0,28.286,0.0,0.0,0.0,0.0,47.149,0.0,0.0,0.0,0.0
2020,6,Transportation,0.0,0.0,0.0,0.0,0.0,0.0,89.698,0.0,121.375,0.0,11.465,0.334,0.0,19.878
2020,7,Commerical,0.071,1.772,4.86,0.035,7.009,3.265,2.332,0.0,12.606,19.345,0.0,0.0,0.0,0.0
2020,7,Electric Power,0.0,4.439,35.92,77.751,16.332,20.008,0.0,0.0,36.34,245.405,0.0,0.0,90.955,0.0
2020,7,Industrial,0.217,0.356,1.306,0.234,110.244,12.633,1.69,63.542,188.109,190.222,0.0,0.0,0.0,0.0
2020,7,Residential,0.0,3.354,16.072,0.0,29.229,0.0,0.0,0.0,0.0,48.655,0.0,0.0,0.0,0.0
2020,7,Transportation,0.0,0.0,0.0,0.0,0.0,0.0,89.466,0.0,120.843,0.0,8.008,0.548,0.0,22.821
2020,8,Commerical,0.061,1.772,4.639,0.038,7.004,3.261,2.307,0.0,12.571,19.082,0.0,0.0,0.0,0.0
2020,8,Electric Power,0.0,4.411,31.547,78.346,17.728,20.411,0.0,0.0,38.14,231.614,0.0,0.0,79.17,0.0
2020,8,Industrial,0.212,0.356,1.258,0.191,111.277,12.759,1.672,62.938,188.646,190.663,0.0,0.0,0.0,0.0
2020,8,Residential,0.0,3.354,15.268,0.0,29.229,0.0,0.0,0.0,0.0,47.851,0.0,0.0,0.0,0.0
2020,8,Transportation,0.0,0.0,0.0,0.0,0.0,0.0,88.49,0.0,118.61,0.0,8.848,0.321,0.0,20.951
2020,9,Commerical,0.049,1.73,4.126,0.042,6.665,3.069,2.288,0.0,12.023,17.97,0.0,0.0,0.0,0.0
2020,9,Electric Power,0.0,4.28,26.18,78.823,14.776,19.216,0.0,0.0,33.992,206.774,0.0,0.0,63.499,0.0
2020,9,Industrial,0.183,0.344,1.126,0.246,107.697,11.966,1.658,61.526,182.848,184.748,0.0,0.0,0.0,0.0
2020,9,Residential,0.0,3.246,13.5,0.0,28.286,0.0,0.0,0.0,0.0,45.032,0.0,0.0,0.0,0.0
2020,9,Transportation,0.0,0.0,0.0,0.0,0.0,0.0,87.784,0.0,119.266,0.0,9.26,0.434,0.0,21.788
2020,10,Commerical,0.049,1.8,3.598,0.041,6.919,3.096,2.197,0.0,12.212,17.7,0.0,0.0,0.0,0.0
2020,10,Electric Power,0.0,4.262,24.001,97.982,14.15,19.418,0.0,0.0,33.568,223.765,0.0,0.0,63.952,0.0
2020,10,Industrial,0.18,0.356,1.02,0.32,112.473,13.81,1.593,65.533,193.408,195.283,0.0,0.0,0.0,0.0
2020,10,Residential,0.0,3.354,12.056,0.0,29.229,0.0,0.0,0.0,0.0,44.639,0.0,0.0,0.0,0.0
2020,10,Transportation,0.0,0.0,0.0,0.0,0.0,0.0,84.297,0.0,111.423,0.0,6.306,0.17,0.0,20.65
2020,11,Commerical,0.053,1.754,2.866,0.047,6.737,3.022,2.256,0.0,12.015,16.735,0.0,0.0,0.0,0.0
2020,11,Electric Power,0.0,4.633,19.532,112.632,15.476,19.153,0.0,0.0,34.629,242.432,0.0,0.0,71.006,0.0
2020,11,Industrial,0.228,0.344,0.792,0.358,112.063,13.555,1.635,66.161,193.415,195.137,0.0,0.0,0.0,0.0
2020,11,Residential,0.0,3.246,9.877,0.0,28.286,0.0,0.0,0.0,0.0,41.409,0.0,0.0,0.0,0.0
2020,11,Transportation,0.0,0.0,0.0,0.0,0.0,0.0,86.544,0.0,116.75,0.0,10.175,0.348,0.0,19.683
2020,12,Commerical,0.055,1.819,2.737,0.041,7.002,3.061,2.295,0.0,12.359,17.011,0.0,0.0,0.0,0.0
2020,12,Electric Power,0.0,4.636,17.258,108.772,16.733,20.694,0.0,0.0,37.427,241.142,0.0,0.0,73.048,0.0
2020,12,Industrial,0.282,0.356,0.71,0.407,117.825,14.188,1.664,66.604,200.28,202.036,0.0,0.0,0.0,0.0
2020,12,Residential,0.0,3.354,9.072,0.0,29.229,0.0,0.0,0.0,0.0,41.655,0.0,0.0,0.0,0.0
2020,12,Transportation,0.0,0.0,0.0,0.0,0.0,0.0,88.057,0.0,123.516,0.0,12.913,0.331,0.0,22.216
2021,1,Commerical,0.085,1.823,3.053,0.047,6.982,3.427,1.883,0.0,12.291,17.299,0.0,0.0,0.0,0.0
2021,1,Electric Power,0.0,4.445,18.845,102.49,17.876,20.393,0.0,0.0,38.269,247.469,0.0,0.0,83.42,0.0
2021,1,Industrial,0.294,0.357,0.756,0.029,117.461,14.552,1.328,63.624,196.965,198.402,0.0,0.0,0.0,0.0
2021,1,Residential,0.0,3.363,9.379,0.0,29.227,0.0,0.0,0.0,0.0,41.969,0.0,0.0,0.0,0.0
2021,1,Transportation,0.0,0.0,0.0,0.0,0.0,0.0,78.469,0.0,101.911,0.0,9.672,0.377,0.0,13.393
2021,2,Commerical,0.074,1.646,3.293,0.043,6.451,2.895,1.77,0.0,11.116,16.172,0.0,0.0,0.0,0.0
2021,2,Electric Power,0.0,4.258,21.473,91.077,16.997,18.2,0.0,0.0,35.197,220.424,0.0,0.0,68.42,0.0
2021,2,Industrial,0.211,0.322,0.808,0.034,103.743,12.769,1.249,50.556,168.317,169.692,0.0,0.0,0.0,0.0
2021,2,Residential,0.0,3.038,9.991,0.0,26.398,0.0,0.0,0.0,0.0,39.427,0.0,0.0,0.0,0.0
2021,2,Transportation,0.0,0.0,0.0,0.0,0.0,0.0,73.766,0.0,100.85,0.0,9.579,0.838,0.0,16.667
2021,3,Commerical,0.077,1.732,4.545,0.066,6.97,3.319,2.226,0.0,12.514,18.934,0.0,0.0,0.0,0.0
2021,3,Electric Power,0.0,4.179,31.503,133.659,16.421,20.288,0.0,0.0,36.71,278.025,0.0,0.0,71.976,0.0
2021,3,Industrial,0.351,0.357,1.162,0.044,114.836,14.248,1.57,64.766,195.42,197.334,0.0,0.0,0.0,0.0
2021,3,Residential,0.0,3.363,14.267,0.0,29.227,0.0,0.0,0.0,0.0,46.857,0.0,0.0,0.0,0.0
2021,3,Transportation,0.0,0.0,0.0,0.0,0.0,0.0,92.754,0.0,125.378,0.0,12.421,0.993,0.0,19.211
2021,4,Commerical,0.073,1.746,5.041,0.056,6.682,3.224,2.102,0.0,12.008,18.925,0.0,0.0,0.0,0.0
2021,4,Electric Power,0.0,4.267,36.911,123.279,13.495,18.849,0.0,0.0,32.343,262.577,0.0,0.0,65.777,0.0
2021,4,Industrial,0.304,0.345,1.261,0.035,113.256,13.442,1.483,62.332,190.513,192.459,0.0,0.0,0.0,0.0
2021,4,Residential,0.0,3.255,15.856,0.0,28.284,0.0,0.0,0.0,0.0,47.394,0.0,0.0,0.0,0.0
2021,4,Transportation,0.0,0.0,0.0,0.0,0.0,0.0,87.594,0.0,120.216,0.0,12.764,0.908,0.0,18.95
2021,5,Commerical,0.079,1.847,5.46,0.048,6.857,3.149,2.376,0.0,12.382,19.816,0.0,0.0,0.0,0.0
2021,5,Electric Power,0.0,4.379,42.231,115.204,14.807,19.533,0.0,0.0,34.34,275.317,0.0,0.0,79.163,0.0
2021,5,Industrial,0.288,0.357,1.391,0.028,116.613,13.721,1.677,68.944,200.954,203.019,0.0,0.0,0.0,0.0
2021,5,Residential,0.0,3.363,17.477,0.0,29.227,0.0,0.0,0.0,0.0,50.067,0.0,0.0,0.0,0.0
2021,5,Transportation,0.0,0.0,0.0,0.0,0.0,0.0,99.041,0.0,133.593,0.0,14.314,0.583,0.0,19.655
2021,6,Commerical,0.082,1.757,5.51,0.039,6.844,3.22,2.329,0.0,12.393,19.781,0.0,0.0,0.0,0.0
2021,6,Electric Power,0.0,4.221,41.351,90.935,16.692,18.817,0.0,0.0,35.509,251.754,0.0,0.0,79.739,0.0
2021,6,Industrial,0.205,0.345,1.395,0.029,112.169,12.2,1.643,67.645,193.658,195.632,0.0,0.0,0.0,0.0
2021,6,Residential,0.0,3.255,17.626,0.0,28.284,0.0,0.0,0.0,0.0,49.164,0.0,0.0,0.0,0.0
2021,6,Transportation,0.0,0.0,0.0,0.0,0.0,0.0,97.062,0.0,128.455,0.0,13.195,0.729,0.0,17.469
2021,7,Commerical,0.077,1.807,5.677,0.028,7.106,3.52,2.396,0.0,13.022,20.612,0.0,0.0,0.0,0.0
2021,7,Electric Power,0.0,4.474,41.332,74.046,18.876,19.405,0.0,0.0,38.282,233.193,0.0,0.0,75.059,0.0
2021,7,Industrial,0.26,0.357,1.429,0.02,117.852,12.744,1.691,69.433,201.719,203.785,0.0,0.0,0.0,0.0
2021,7,Residential,0.0,3.363,17.831,0.0,29.227,0.0,0.0,0.0,0.0,50.421,0.0,0.0,0.0,0.0
2021,7,Transportation,0.0,0.0,0.0,0.0,0.0,0.0,99.871,0.0,130.6,0.0,11.401,0.733,0.0,18.595
2021,8,Commerical,0.073,1.815,5.456,0.04,7.112,3.487,2.325,0.0,12.924,20.307,0.0,0.0,0.0,0.0
2021,8,Electric Power,0.0,4.42,40.57,92.309,18.713,19.031,0.0,0.0,37.744,244.093,0.0,0.0,69.049,0.0
2021,8,Industrial,0.238,0.357,1.39,0.017,116.498,12.754,1.64,64.306,195.198,197.201,0.0,0.0,0.0,0.0
2021,8,Residential,0.0,3.363,16.812,0.0,29.227,0.0,0.0,0.0,0.0,49.402,0.0,0.0,0.0,0.0
2021,8,Transportation,0.0,0.0,0.0,0.0,0.0,0.0,96.883,0.0,131.606,0.0,14.521,0.77,0.0,19.432
2021,9,Commerical,0.063,1.765,4.872,0.046,6.877,3.363,2.196,0.0,12.436,19.182,0.0,0.0,0.0,0.0
2021,9,Electric Power,0.0,4.437,38.025,98.864,16.258,18.615,0.0,0.0,34.873,233.959,0.0,0.0,57.759,0.0
2021,9,Industrial,0.257,0.345,1.259,0.031,112.584,12.5,1.549,62.037,188.67,190.563,0.0,0.0,0.0,0.0
2021,9,Residential,0.0,3.255,14.869,0.0,28.284,0.0,0.0,0.0,0.0,46.408,0.0,0.0,0.0,0.0
2021,9,Transportation,0.0,0.0,0.0,0.0,0.0,0.0,91.534,0.0,120.426,0.0,10.779,0.598,0.0,17.515
2021,10,Commerical,0.059,1.838,4.229,0.05,6.98,3.113,2.426,0.0,12.52,18.695,0.0,0.0,0.0,0.0
2021,10,Electric Power,0.0,4.335,31.427,109.837,14.29,18.228,0.0,0.0,32.518,236.255,0.0,0.0,58.138,0.0
2021,10,Industrial,0.26,0.357,1.129,0.031,113.287,14.034,1.712,71.307,200.34,202.116,0.0,0.0,0.0,0.0
2021,10,Residential,0.0,3.363,12.992,0.0,29.227,0.0,0.0,0.0,0.0,45.582,0.0,0.0,0.0,0.0
2021,10,Transportation,0.0,0.0,0.0,0.0,0.0,0.0,101.12,0.0,138.566,0.0,17.107,0.926,0.0,19.414
2021,11,Commerical,0.062,1.769,3.355,0.057,6.754,3.218,2.306,0.0,12.278,17.521,0.0,0.0,0.0,0.0
2021,11,Electric Power,0.0,4.509,26.43,121.888,15.476,18.099,0.0,0.0,33.575,252.159,0.0,0.0,65.757,0.0
2021,11,Industrial,0.283,0.345,0.877,0.038,110.068,13.918,1.627,71.496,197.109,198.653,0.0,0.0,0.0,0.0
2021,11,Residential,0.0,3.255,11.421,0.0,28.284,0.0,0.0,0.0,0.0,42.959,0.0,0.0,0.0,0.0
2021,11,Transportation,0.0,0.0,0.0,0.0,0.0,0.0,96.115,0.0,131.962,0.0,16.049,1.328,0.0,18.47
2021,12,Commerical,0.076,1.867,3.152,0.054,7.088,3.373,2.288,0.0,12.749,17.898,0.0,0.0,0.0,0.0
2021,12,Electric Power,0.0,4.871,20.657,135.867,16.845,20.007,0.0,0.0,36.853,278.325,0.0,0.0,80.077,0.0
2021,12,Industrial,0.24,0.357,0.772,0.044,117.493,14.613,1.614,73.048,206.768,208.182,0.0,0.0,0.0,0.0
2021,12,Residential,0.0,3.363,10.314,0.0,29.227,0.0,0.0,0.0,0.0,42.904,0.0,0.0,0.0,0.0
2021,12,Transportation,0.0,0.0,0.0,0.0,0.0,0.0,95.357,0.0,132.41,0.0,16.299,1.323,0.0,19.431
2022,1,Commerical,0.082,1.673,3.576,0.06,7.072,6.27,2.451,0.0,15.793,21.185,0.0,0.0,0.0,0.0
2022,1,Electric Power,0.0,5.016,26.521,127.562,17.811,15.895,0.0,0.0,33.706,275.022,0.0,0.0,82.218,0.0
2022,1,Industrial,0.262,0.357,0.828,0.043,113.749,14.431,1.54,70.912,200.631,202.121,0.0,0.0,0.0,0.0
2022,1,Residential,0.0,3.363,10.858,0.0,35.882,0.0,0.0,0.0,0.0,50.103,0.0,0.0,0.0,0.0
2022,1,Transportation,0.0,0.0,0.0,0.0,0.0,0.0,86.455,0.0,117.75,0.0,15.974,0.961,0.0,14.361
2022,2,Commerical,0.073,1.511,3.952,0.059,6.416,5.822,2.284,0.0,14.523,20.118,0.0,0.0,0.0,0.0
2022,2,Electric Power,0.0,4.241,30.604,128.337,17.163,14.617,0.0,0.0,31.78,267.352,0.0,0.0,72.391,0.0
2022,2,Industrial,0.282,0.322,0.885,0.047,103.472,12.824,1.435,62.453,180.184,181.72,0.0,0.0,0.0,0.0
2022,2,Residential,0.0,3.038,11.975,0.0,32.41,0.0,0.0,0.0,0.0,47.423,0.0,0.0,0.0,0.0
2022,2,Transportation,0.0,0.0,0.0,0.0,0.0,0.0,80.576,0.0,111.14,0.0,14.395,1.215,0.0,14.953
2022,3,Commerical,0.083,1.673,5.379,0.064,6.985,6.111,2.708,0.0,15.804,23.003,0.0,0.0,0.0,0.0
2022,3,Electric Power,0.0,4.389,39.641,146.707,16.187,16.052,0.0,0.0,32.24,305.893,0.0,0.0,82.917,0.0
2022,3,Industrial,0.377,0.357,1.259,0.05,109.615,14.605,1.701,69.748,195.668,197.711,0.0,0.0,0.0,0.0
2022,3,Residential,0.0,3.363,16.516,0.0,35.882,0.0,0.0,0.0,0.0,55.761,0.0,0.0,0.0,0.0
2022,3,Transportation,0.0,0.0,0.0,0.0,0.0,0.0,95.517,0.0,132.721,0.0,17.546,1.484,0.0,18.175
2022,4,Commerical,0.07,1.619,5.896,0.066,6.716,6.111,2.526,0.0,15.353,23.005,0.0,0.0,0.0,0.0
2022,4,Electric Power,0.0,4.374,45.421,157.409,13.955,14.274,0.0,0.0,28.229,303.479,0.0,0.0,68.046,0.0
2022,4,Industrial,0.349,0.345,1.367,0.047,108.508,13.704,1.587,64.054,187.852,189.961,0.0,0.0,0.0,0.0
2022,4,Residential,0.0,3.255,18.394,0.0,34.725,0.0,0.0,0.0,0.0,56.374,0.0,0.0,0.0,0.0
2022,4,Transportation,0.0,0.0,0.0,0.0,0.0,0.0,89.113,0.0,127.089,0.0,16.824,2.2,0.0,18.952
2022,5,Commerical,0.089,1.673,6.437,0.054,7.073,6.279,2.744,0.0,16.096,24.349,0.0,0.0,0.0,0.0
2022,5,Electric Power,0.0,4.528,51.256,143.632,15.161,14.275,0.0,0.0,29.435,308.175,0.0,0.0,79.323,0.0
2022,5,Industrial,0.288,0.357,1.504,0.04,111.558,14.037,1.724,69.146,196.464,198.653,0.0,0.0,0.0,0.0
2022,5,Residential,0.0,3.363,20.27,0.0,35.882,0.0,0.0,0.0,0.0,59.516,0.0,0.0,0.0,0.0
2022,5,Transportation,0.0,0.0,0.0,0.0,0.0,0.0,96.802,0.0,134.022,0.0,17.889,2.019,0.0,17.312
2022,6,Commerical,0.093,1.619,6.459,0.044,6.968,6.413,2.735,0.0,16.116,24.33,0.0,0.0,0.0,0.0
2022,6,Electric Power,0.0,4.355,54.408,115.143,16.757,14.582,0.0,0.0,31.339,293.607,0.0,0.0,88.362,0.0
2022,6,Industrial,0.216,0.345,1.521,0.028,109.579,12.325,1.718,69.178,192.8,194.91,0.0,0.0,0.0,0.0
2022,6,Residential,0.0,3.255,20.23,0.0,34.725,0.0,0.0,0.0,0.0,58.209,0.0,0.0,0.0,0.0
2022,6,Transportation,0.0,0.0,0.0,0.0,0.0,0.0,96.477,0.0,139.168,0.0,22.063,2.098,0.0,18.53
2022,7,Commerical,0.089,1.673,6.707,0.031,7.134,6.54,2.652,0.0,16.326,24.827,0.0,0.0,0.0,0.0
2022,7,Electric Power,0.0,4.577,53.441,100.512,18.506,15.01,0.0,0.0,33.516,275.601,0.0,0.0,83.555,0.0
2022,7,Industrial,0.18,0.357,1.562,0.025,113.702,12.44,1.666,69.699,197.507,199.631,0.0,0.0,0.0,0.0
2022,7,Residential,0.0,3.363,20.862,0.0,35.882,0.0,0.0,0.0,0.0,60.107,0.0,0.0,0.0,0.0
2022,7,Transportation,0.0,0.0,0.0,0.0,0.0,0.0,93.54,0.0,131.623,0.0,17.976,2.35,0.0,17.756
2022,8,Commerical,0.076,1.673,6.383,0.025,7.233,6.441,2.809,0.0,16.483,24.64,0.0,0.0,0.0,0.0
2022,8,Electric Power,0.0,4.62,49.144,84.296,18.572,14.618,0.0,0.0,33.189,243.072,0.0,0.0,71.823,0.0
2022,8,Industrial,0.207,0.357,1.505,0.018,112.272,12.746,1.765,67.536,194.318,196.405,0.0,0.0,0.0,0.0
2022,8,Residential,0.0,3.363,20.142,0.0,35.882,0.0,0.0,0.0,0.0,59.388,0.0,0.0,0.0,0.0
2022,8,Transportation,0.0,0.0,0.0,0.0,0.0,0.0,99.089,0.0,140.991,0.0,21.136,2.518,0.0,18.248
2022,9,Commerical,0.062,1.619,5.692,0.033,6.752,6.204,2.541,0.0,15.497,22.903,0.0,0.0,0.0,0.0
2022,9,Electric Power,0.0,4.536,45.036,93.2,16.381,13.985,0.0,0.0,30.366,230.964,0.0,0.0,57.825,0.0
2022,9,Industrial,0.206,0.345,1.347,0.021,104.544,12.037,1.596,59.939,178.117,180.036,0.0,0.0,0.0,0.0
2022,9,Residential,0.0,3.255,18.043,0.0,34.725,0.0,0.0,0.0,0.0,56.022,0.0,0.0,0.0,0.0
2022,9,Transportation,0.0,0.0,0.0,0.0,0.0,0.0,89.642,0.0,128.061,0.0,18.952,2.414,0.0,17.053
2022,10,Commerical,0.052,1.673,4.896,0.043,6.879,6.352,2.778,0.0,16.009,22.674,0.0,0.0,0.0,0.0
2022,10,Electric Power,0.0,4.43,40.486,111.643,14.469,14.335,0.0,0.0,28.804,234.158,0.0,0.0,48.794,0.0
2022,10,Industrial,0.176,0.357,1.219,0.039,105.467,13.685,1.745,69.516,190.413,192.203,0.0,0.0,0.0,0.0
2022,10,Residential,0.0,3.363,16.595,0.0,35.882,0.0,0.0,0.0,0.0,55.84,0.0,0.0,0.0,0.0
2022,10,Transportation,0.0,0.0,0.0,0.0,0.0,0.0,97.994,0.0,141.657,0.0,21.938,2.556,0.0,19.168
2022,11,Commerical,0.061,1.619,3.841,0.06,6.794,6.367,2.668,0.0,15.829,21.411,0.0,0.0,0.0,0.0
2022,11,Electric Power,0.0,4.766,28.474,140.464,15.388,14.234,0.0,0.0,29.622,264.122,0.0,0.0,60.797,0.0
2022,11,Industrial,0.211,0.345,0.933,0.046,106.99,13.531,1.676,69.719,191.916,193.452,0.0,0.0,0.0,0.0
2022,11,Residential,0.0,3.255,13.46,0.0,34.725,0.0,0.0,0.0,0.0,51.44,0.0,0.0,0.0,0.0
2022,11,Transportation,0.0,0.0,0.0,0.0,0.0,0.0,94.097,0.0,134.622,0.0,18.157,2.344,0.0,20.024
2022,12,Commerical,0.068,1.673,3.538,0.051,7.022,6.149,2.612,0.0,15.783,21.113,0.0,0.0,0.0,0.0
2022,12,Electric Power,0.0,5.057,22.98,131.884,17.341,14.611,0.0,0.0,31.953,261.197,0.0,0.0,69.325,0.0
2022,12,Industrial,0.312,0.357,0.825,0.04,109.036,14.415,1.641,66.33,191.422,192.956,0.0,0.0,0.0,0.0
2022,12,Residential,0.0,3.363,12.314,0.0,35.882,0.0,0.0,0.0,0.0,51.559,0.0,0.0,0.0,0.0
2022,12,Transportation,0.0,0.0,0.0,0.0,0.0,0.0,92.132,0.0,134.306,0.0,21.816,3.327,0.0,17.031
2023,1,Commerical,0.08,1.673,3.89,0.056,7.013,6.126,2.584,0.0,15.723,21.421,0.0,0.0,0.0,0.0
2023,1,Electric Power,0.0,5.316,27.058,133.697,16.024,15.139,0.0,0.0,31.163,272.89,0.0,0.0,75.655,0.0
2023,1,Industrial,0.308,0.357,0.897,0.037,112.455,14.495,1.623,68.831,197.404,199.003,0.0,0.0,0.0,0.0
2023,1,Residential,0.0,3.363,12.539,0.0,38.247,0.0,0.0,0.0,0.0,54.149,0.0,0.0,0.0,0.0
2023,1,Transportation,0.0,0.0,0.0,0.0,0.0,0.0,91.151,0.0,137.167,0.0,24.586,3.299,0.0,18.13
2023,2,Commerical,0.067,1.511,4.332,0.06,6.251,5.454,2.328,0.0,14.032,20.002,0.0,0.0,0.0,0.0
2023,2,Electric Power,0.0,4.442,31.366,143.827,13.492,13.69,0.0,0.0,27.181,270.223,0.0,0.0,63.408,0.0
2023,2,Industrial,0.263,0.322,0.957,0.045,99.764,12.87,1.462,62.007,176.103,177.69,0.0,0.0,0.0,0.0
2023,2,Residential,0.0,3.038,13.814,0.0,34.545,0.0,0.0,0.0,0.0,51.397,0.0,0.0,0.0,0.0
2023,2,Transportation,0.0,0.0,0.0,0.0,0.0,0.0,82.104,0.0,124.27,0.0,23.567,2.007,0.0,16.592
2023,3,Commerical,0.0,1.673,5.846,0.064,6.966,5.685,2.729,0.0,15.381,23.031,0.0,0.0,0.0,0.0
2023,3,Electric Power,0.0,4.709,41.16,151.997,14.255,14.447,0.0,0.0,28.701,295.122,0.0,0.0,68.556,0.0
2023,3,Industrial,0.291,0.357,1.363,0.046,105.917,14.088,1.715,67.92,189.64,191.696,0.0,0.0,0.0,0.0
2023,3,Residential,0.0,3.363,18.858,0.0,38.247,0.0,0.0,0.0,0.0,60.468,0.0,0.0,0.0,0.0
2023,3,Transportation,0.0,0.0,0.0,0.0,0.0,0.0,96.277,0.0,148.126,0.0,28.419,3.137,0.0,20.292
2023,4,Commerical,0.0,1.619,6.475,0.058,6.681,5.557,2.555,0.0,14.792,23.003,0.0,0.0,0.0,0.0
2023,4,Electric Power,0.0,4.596,50.041,146.861,11.058,13.339,0.0,0.0,24.397,285.234,0.0,0.0,59.338,0.0
2023,4,Industrial,0.241,0.345,1.507,0.044,97.3,13.433,1.605,64.545,176.882,179.02,0.0,0.0,0.0,0.0
2023,4,Residential,0.0,3.255,21.396,0.0,37.013,0.0,0.0,0.0,0.0,61.663,0.0,0.0,0.0,0.0
2023,4,Transportation,0.0,0.0,0.0,0.0,0.0,0.0,90.113,0.0,138.372,0.0,27.982,2.443,0.0,17.835
2023,5,Commerical,0.0,1.673,7.072,0.046,6.793,5.893,2.762,0.0,15.448,24.349,0.0,0.0,0.0,0.0
2023,5,Electric Power,0.0,4.677,57.398,109.33,14.043,14.107,0.0,0.0,28.15,292.816,0.0,0.0,93.261,0.0
2023,5,Industrial,0.271,0.357,1.654,0.034,104.607,14.017,1.735,68.537,188.896,191.213,0.0,0.0,0.0,0.0
2023,5,Residential,0.0,3.363,24.106,0.0,38.247,0.0,0.0,0.0,0.0,65.716,0.0,0.0,0.0,0.0
2023,5,Transportation,0.0,0.0,0.0,0.0,0.0,0.0,97.426,0.0,161.301,0.0,38.034,3.174,0.0,22.667
2023,6,Commerical,0.0,1.619,7.04,0.034,6.794,5.921,2.762,0.0,15.477,24.24,0.0,0.0,0.0,0.0
2023,6,Electric Power,0.0,4.343,59.806,93.922,14.72,13.445,0.0,0.0,28.164,252.371,0.0,0.0,66.135,0.0
2023,6,Industrial,0.216,0.345,1.655,0.028,97.759,12.358,1.735,68.812,180.665,182.908,0.0,0.0,0.0,0.0
2023,6,Residential,0.0,3.255,23.571,0.0,37.013,0.0,0.0,0.0,0.0,63.839,0.0,0.0,0.0,0.0
2023,6,Transportation,0.0,0.0,0.0,0.0,0.0,0.0,97.409,0.0,158.2,0.0,35.049,2.973,0.0,22.769
2023,7,Commerical,0.0,1.673,7.324,0.024,6.875,6.287,2.694,0.0,15.856,24.945,0.0,0.0,0.0,0.0
2023,7,Electric Power,0.0,4.447,64.04,95.158,16.243,14.096,0.0,0.0,30.339,265.994,0.0,0.0,72.011,0.0
2023,7,Industrial,0.25,0.357,1.713,0.024,100.834,12.492,1.692,70.757,185.775,188.119,0.0,0.0,0.0,0.0
2023,7,Residential,0.0,3.363,24.62,0.0,38.247,0.0,0.0,0.0,0.0,66.23,0.0,0.0,0.0,0.0
2023,7,Transportation,0.0,0.0,0.0,0.0,0.0,0.0,95.018,0.0,148.086,0.0,28.849,3.294,0.0,20.925
2023,8,Commerical,0.0,1.673,6.984,0.026,6.994,6.222,2.85,0.0,16.066,24.82,0.0,0.0,0.0,0.0
2023,8,Electric Power,0.0,4.574,60.431,97.343,15.644,13.904,0.0,0.0,29.547,263.631,0.0,0.0,71.735,0.0
2023,8,Industrial,0.254,0.357,1.638,0.028,102.187,12.398,1.79,68.752,185.127,187.404,0.0,0.0,0.0,0.0
2023,8,Residential,0.0,3.363,24.195,0.0,38.247,0.0,0.0,0.0,0.0,65.805,0.0,0.0,0.0,0.0
2023,8,Transportation,0.0,0.0,0.0,0.0,0.0,0.0,100.517,0.0,161.632,0.0,37.358,2.178,0.0,21.578
2023,9,Commerical,0.0,1.619,6.225,0.026,6.81,5.738,2.586,0.0,15.134,23.055,0.0,0.0,0.0,0.0
2023,9,Electric Power,0.0,4.609,52.794,96.268,12.634,13.968,0.0,0.0,26.602,236.191,0.0,0.0,55.919,0.0
2023,9,Industrial,0.224,0.345,1.469,0.027,96.443,11.891,1.625,66.935,176.894,178.959,0.0,0.0,0.0,0.0
2023,9,Residential,0.0,3.255,21.063,0.0,37.013,0.0,0.0,0.0,0.0,61.331,0.0,0.0,0.0,0.0
2023,9,Transportation,0.0,0.0,0.0,0.0,0.0,0.0,91.225,0.0,152.376,0.0,34.017,3.978,0.0,23.156
2023,10,Commerical,0.0,1.673,5.386,0.034,6.934,5.814,2.823,0.0,15.571,22.713,0.0,0.0,0.0,0.0
2023,10,Electric Power,0.0,4.826,47.778,124.415,10.009,13.457,0.0,0.0,23.466,261.855,0.0,0.0,61.371,0.0
2023,10,Industrial,0.255,0.357,1.334,0.035,99.007,13.714,1.773,70.382,184.877,186.857,0.0,0.0,0.0,0.0
2023,10,Residential,0.0,3.363,19.727,0.0,38.247,0.0,0.0,0.0,0.0,61.337,0.0,0.0,0.0,0.0
2023,10,Transportation,0.0,0.0,0.0,0.0,0.0,0.0,99.574,0.0,157.704,0.0,32.532,3.506,0.0,22.092
2023,11,Commerical,0.059,1.619,4.301,0.04,6.707,5.947,2.665,0.0,15.319,21.339,0.0,0.0,0.0,0.0
2023,11,Electric Power,0.0,4.81,34.777,126.309,11.526,12.764,0.0,0.0,24.29,251.641,0.0,0.0,61.456,0.0
2023,11,Industrial,0.242,0.345,1.045,0.04,103.56,13.48,1.674,69.786,188.499,190.171,0.0,0.0,0.0,0.0
2023,11,Residential,0.0,3.255,16.219,0.0,37.013,0.0,0.0,0.0,0.0,56.487,0.0,0.0,0.0,0.0
2023,11,Transportation,0.0,0.0,0.0,0.0,0.0,0.0,94.004,0.0,144.933,0.0,26.467,3.303,0.0,21.16
2023,12,Commerical,0.0,1.673,3.913,0.037,7.003,6.396,2.653,0.0,16.051,21.739,0.0,0.0,0.0,0.0
2023,12,Electric Power,0.0,4.821,31.162,130.846,11.91,15.135,0.0,0.0,27.044,259.513,0.0,0.0,65.64,0.0
2023,12,Industrial,0.269,0.357,0.942,0.037,104.598,14.357,1.666,74.073,194.694,196.299,0.0,0.0,0.0,0.0
2023,12,Residential,0.0,3.363,14.658,0.0,38.247,0.0,0.0,0.0,0.0,56.268,0.0,0.0,0.0,0.0
2023,12,Transportation,0.0,0.0,0.0,0.0,0.0,0.0,93.57,0.0,156.234,0.0,38.344,4.101,0.0,20.219
